Province,Participant,Audio,Clip,question_s,question_e,Spanish
re,.DS_Store,.DS_Store,clip,,,
BO,P10BO,IW - P10BO clip 1.wav.mp3,clip 1,,,
BO,P10BO,IW - P10BO clip 2.wav.mp3,clip 2,,,
BO,P10BO,IW - P10BO clip 3.wav.mp3,clip 3,,,
BO,P10BO,IW - P10BO clip 4.wav.mp3,clip 4,,,
BO,P10BO,IW - P10BO clip 5.wav.mp3,clip 5,,,
BO,P10BO,IW - P10BO clip 6.wav.mp3,clip 6,,,
BO,P10BO,IW - P10BO clip 7.wav.mp3,clip 7,,,
BO,P10BO,IW - P10BO clip 8.wav.mp3,clip 8,,,
CA,P10CA,IW - P10CA - clip 1.wav.mp3,clip 1,,,
CA,P10CA,IW - P10CA - clip 10.wav.mp3,clip 10,,,
CA,P10CA,IW - P10CA - clip 11.wav.mp3,clip 11,,,
CA,P10CA,IW - P10CA - clip 12.wav.mp3,clip 12,,,
CA,P10CA,IW - P10CA - clip 13.wav.mp3,clip 13,,,
CA,P10CA,IW - P10CA - clip 2.wav.mp3,clip 2,,,
CA,P10CA,IW - P10CA - clip 3.wav.mp3,clip 3,,,
CA,P10CA,IW - P10CA - clip 4.wav.mp3,clip 4,,,
CA,P10CA,IW - P10CA - clip 5.wav.mp3,clip 5,,,
CA,P10CA,IW - P10CA - clip 6.wav.mp3,clip 6,,,
CA,P10CA,IW - P10CA - clip 7.wav.mp3,clip 7,,,
CA,P10CA,IW - P10CA - clip 8.wav.mp3,clip 8,,,
CA,P10CA,IW - P10CA - clip 9.wav.mp3,clip 9,,,
CL,P10CL,IW-P10CL clip 1.wav.mp3,clip 1,,,
CL,P10CL,IW-P10CL clip 10.wav.mp3,clip 10,,,
CL,P10CL,IW-P10CL clip 2.wav.mp3,clip 2,,,
CL,P10CL,IW-P10CL clip 3.wav.mp3,clip 3,,,
CL,P10CL,IW-P10CL clip 4.wav.mp3,clip 4,,,
CL,P10CL,IW-P10CL clip 5.wav.mp3,clip 5,,,
CL,P10CL,IW-P10CL clip 6.wav.mp3,clip 6,,,
CL,P10CL,IW-P10CL clip 7.wav.mp3,clip 7,,,
CL,P10CL,IW-P10CL clip 8.wav.mp3,clip 8,,,
CL,P10CL,IW-P10CL clip 9.wav.mp3,clip 9,,,
MA,P10MA,IW - P10MA clip 1.wav.mp3,clip 1,,,
MA,P10MA,IW - P10MA clip 10.wav.mp3,clip 10,,,
MA,P10MA,IW - P10MA clip 11.wav.mp3,clip 11,,,
MA,P10MA,IW - P10MA clip 12.wav.mp3,clip 12,,,
MA,P10MA,IW - P10MA clip 13.wav.mp3,clip 13,,,
MA,P10MA,IW - P10MA clip 2.wav.mp3,clip 2,,,
MA,P10MA,IW - P10MA clip 3.wav.mp3,clip 3,,,
MA,P10MA,IW - P10MA clip 4.wav.mp3,clip 4,,,
MA,P10MA,IW - P10MA clip 5.wav.mp3,clip 5,,,
MA,P10MA,IW - P10MA clip 6.wav.mp3,clip 6,,,
MA,P10MA,IW - P10MA clip 7.wav.mp3,clip 7,,,
MA,P10MA,IW - P10MA clip 8.wav.mp3,clip 8,,,
MA,P10MA,IW - P10MA clip 9.wav.mp3,clip 9,,,
ME,P10ME,IW-P10ME clip 1.wav.mp3,clip 1,,,
ME,P10ME,IW-P10ME clip 10.wav.mp3,clip 10,,,
ME,P10ME,IW-P10ME clip 11.wav.mp3,clip 11,,,
ME,P10ME,IW-P10ME clip 12.wav.mp3,clip 12,,,
ME,P10ME,IW-P10ME clip 13.wav.mp3,clip 13,,,
ME,P10ME,IW-P10ME clip 14.wav.mp3,clip 14,,,
ME,P10ME,IW-P10ME clip 15.wav.mp3,clip 15,,,
ME,P10ME,IW-P10ME clip 16.wav.mp3,clip 16,,,
ME,P10ME,IW-P10ME clip 17.wav.mp3,clip 17,,,
ME,P10ME,IW-P10ME clip 18.wav.mp3,clip 18,,,
ME,P10ME,IW-P10ME clip 19.wav.mp3,clip 19,,,
ME,P10ME,IW-P10ME clip 2.wav.mp3,clip 2,,,
ME,P10ME,IW-P10ME clip 20.wav.mp3,clip 20,,,
ME,P10ME,IW-P10ME clip 3.wav.mp3,clip 3,,,
ME,P10ME,IW-P10ME clip 4.wav.mp3,clip 4,,,
ME,P10ME,IW-P10ME clip 5.wav.mp3,clip 5,,,
ME,P10ME,IW-P10ME clip 6.wav.mp3,clip 6,,,
ME,P10ME,IW-P10ME clip 7.wav.mp3,clip 7,,,
ME,P10ME,IW-P10ME clip 8.wav.mp3,clip 8,,,
ME,P10ME,IW-P10ME clip 9.wav.mp3,clip 9,,,
SM,P10SM,IW - P10SM clip 1.wav.mp3,clip 1,,,
SM,P10SM,IW - P10SM clip 10.wav.mp3,clip 10,,,
SM,P10SM,IW - P10SM clip 11.wav.mp3,clip 11,,,
SM,P10SM,IW - P10SM clip 2.wav.mp3,clip 2,,,
SM,P10SM,IW - P10SM clip 3.wav.mp3,clip 3,,,
SM,P10SM,IW - P10SM clip 4.wav.mp3,clip 4,,,
SM,P10SM,IW - P10SM clip 5.wav.mp3,clip 5,,,
SM,P10SM,IW - P10SM clip 6.wav.mp3,clip 6,,,
SM,P10SM,IW - P10SM clip 7.wav.mp3,clip 7,,,
SM,P10SM,IW - P10SM clip 8.wav.mp3,clip 8,,,
SM,P10SM,IW - P10SM clip 9.wav.mp3,clip 9,,,
VA,P10VA,IW - P10VA clip 1.wav.mp3,clip 1,,,
VA,P10VA,IW - P10VA clip 10.wav.mp3,clip 10,,,
VA,P10VA,IW - P10VA clip 11.wav.mp3,clip 11,,,
VA,P10VA,IW - P10VA clip 12.wav.mp3,clip 12,,,
VA,P10VA,IW - P10VA clip 13.wav.mp3,clip 13,,,
VA,P10VA,IW - P10VA clip 2.wav.mp3,clip 2,,,
VA,P10VA,IW - P10VA clip 3.wav.mp3,clip 3,,,
VA,P10VA,IW - P10VA clip 4.wav.mp3,clip 4,,,
VA,P10VA,IW - P10VA clip 5.wav.mp3,clip 5,,,
VA,P10VA,IW - P10VA clip 6.wav.mp3,clip 6,,,
VA,P10VA,IW - P10VA clip 7.wav.mp3,clip 7,,,
VA,P10VA,IW - P10VA clip 8.wav.mp3,clip 8,,,
VA,P10VA,IW - P10VA clip 9.wav.mp3,clip 9,,,
BO,P11BO,IW - P11BO clip 1.wav.mp3,clip 1,,,
BO,P11BO,IW - P11BO clip 10.wav.mp3,clip 10,,,
BO,P11BO,IW - P11BO clip 11.wav.mp3,clip 11,,,
BO,P11BO,IW - P11BO clip 12.wav.mp3,clip 12,,,
BO,P11BO,IW - P11BO clip 13.wav.mp3,clip 13,,,
BO,P11BO,IW - P11BO clip 2.wav.mp3,clip 2,,,
BO,P11BO,IW - P11BO clip 3.wav.mp3,clip 3,,,
BO,P11BO,IW - P11BO clip 4.wav.mp3,clip 4,,,
BO,P11BO,IW - P11BO clip 5.wav.mp3,clip 5,,,
BO,P11BO,IW - P11BO clip 6.wav.mp3,clip 6,,,
BO,P11BO,IW - P11BO clip 7.wav.mp3,clip 7,,,
BO,P11BO,IW - P11BO clip 8.wav.mp3,clip 8,,,
BO,P11BO,IW - P11BO clip 9.wav.mp3,clip 9,,,
CA,P11CA,IW - P11CA - clip 1.wav.mp3,clip 1,,,
CA,P11CA,IW - P11CA - clip 2.wav.mp3,clip 2,,,
CA,P11CA,IW - P11CA - clip 3.wav.mp3,clip 3,,,
CA,P11CA,IW - P11CA - clip 4.wav.mp3,clip 4,,,
CA,P11CA,IW - P11CA - clip 5.wav.mp3,clip 5,,,
CA,P11CA,IW - P11CA - clip 6.wav.mp3,clip 6,,,
CA,P11CA,IW - P11CA - clip 7.wav.mp3,clip 7,,,
CA,P11CA,IW - P11CA - clip 8.wav.mp3,clip 8,,,
CL,P11CL,IW-P11CL clip 1.wav.mp3,clip 1,,,
CL,P11CL,IW-P11CL clip 10.wav.mp3,clip 10,,,
CL,P11CL,IW-P11CL clip 11.wav.mp3,clip 11,,,
CL,P11CL,IW-P11CL clip 2.wav.mp3,clip 2,,,
CL,P11CL,IW-P11CL clip 3.wav.mp3,clip 3,,,
CL,P11CL,IW-P11CL clip 4.wav.mp3,clip 4,,,
CL,P11CL,IW-P11CL clip 5.wav.mp3,clip 5,,,
CL,P11CL,IW-P11CL clip 6.wav.mp3,clip 6,,,
CL,P11CL,IW-P11CL clip 7.wav.mp3,clip 7,,,
CL,P11CL,IW-P11CL clip 8.wav.mp3,clip 8,,,
CL,P11CL,IW-P11CL clip 9.wav.mp3,clip 9,,,
MA,P11MA,IW - P11MA clip 1.wav.mp3,clip 1,,,
MA,P11MA,IW - P11MA clip 10.wav.mp3,clip 10,,,
MA,P11MA,IW - P11MA clip 11.wav.mp3,clip 11,,,
MA,P11MA,IW - P11MA clip 12.wav.mp3,clip 12,,,
MA,P11MA,IW - P11MA clip 13.wav.mp3,clip 13,,,
MA,P11MA,IW - P11MA clip 14.wav.mp3,clip 14,,,
MA,P11MA,IW - P11MA clip 2.wav.mp3,clip 2,,,
MA,P11MA,IW - P11MA clip 3.wav.mp3,clip 3,,,
MA,P11MA,IW - P11MA clip 4.wav.mp3,clip 4,,,
MA,P11MA,IW - P11MA clip 5.wav.mp3,clip 5,,,
MA,P11MA,IW - P11MA clip 6.wav.mp3,clip 6,,,
MA,P11MA,IW - P11MA clip 7.wav.mp3,clip 7,,,
MA,P11MA,IW - P11MA clip 8.wav.mp3,clip 8,,,
MA,P11MA,IW - P11MA clip 9.wav.mp3,clip 9,,,
ME,P11ME,IW-P11ME clip 1.wav.mp3,clip 1,,,
ME,P11ME,IW-P11ME clip 10.wav.mp3,clip 10,,,
ME,P11ME,IW-P11ME clip 11.wav.mp3,clip 11,,,
ME,P11ME,IW-P11ME clip 12.wav.mp3,clip 12,,,
ME,P11ME,IW-P11ME clip 13.wav.mp3,clip 13,,,
ME,P11ME,IW-P11ME clip 14.wav.mp3,clip 14,,,
ME,P11ME,IW-P11ME clip 15.wav.mp3,clip 15,,,
ME,P11ME,IW-P11ME clip 16.wav.mp3,clip 16,,,
ME,P11ME,IW-P11ME clip 17.wav.mp3,clip 17,,,
ME,P11ME,IW-P11ME clip 18.wav.mp3,clip 18,,,
ME,P11ME,IW-P11ME clip 19.wav.mp3,clip 19,,,
ME,P11ME,IW-P11ME clip 2.wav.mp3,clip 2,,,
ME,P11ME,IW-P11ME clip 20.wav.mp3,clip 20,,,
ME,P11ME,IW-P11ME clip 21.wav.mp3,clip 21,,,
ME,P11ME,IW-P11ME clip 22.wav.mp3,clip 22,,,
ME,P11ME,IW-P11ME clip 23.wav.mp3,clip 23,,,
ME,P11ME,IW-P11ME clip 24.wav.mp3,clip 24,,,
ME,P11ME,IW-P11ME clip 25.wav.mp3,clip 25,,,
ME,P11ME,IW-P11ME clip 26.wav.mp3,clip 26,,,
ME,P11ME,IW-P11ME clip 27.wav.mp3,clip 27,,,
ME,P11ME,IW-P11ME clip 28.wav.mp3,clip 28,,,
ME,P11ME,IW-P11ME clip 29.wav.mp3,clip 29,,,
ME,P11ME,IW-P11ME clip 3.wav.mp3,clip 3,,,
ME,P11ME,IW-P11ME clip 30.wav.mp3,clip 30,,,
ME,P11ME,IW-P11ME clip 31.wav.mp3,clip 31,,,
ME,P11ME,IW-P11ME clip 4.wav.mp3,clip 4,,,
ME,P11ME,IW-P11ME clip 5.wav.mp3,clip 5,,,
ME,P11ME,IW-P11ME clip 6.wav.mp3,clip 6,,,
ME,P11ME,IW-P11ME clip 7.wav.mp3,clip 7,,,
ME,P11ME,IW-P11ME clip 8.wav.mp3,clip 8,,,
ME,P11ME,IW-P11ME clip 9.wav.mp3,clip 9,,,
SM,P11SM,IW - P11SM clip 1.wav.mp3,clip 1,,,
SM,P11SM,IW - P11SM clip 2.wav.mp3,clip 2,,,
SM,P11SM,IW - P11SM clip 3.wav.mp3,clip 3,,,
SM,P11SM,IW - P11SM clip 4.wav.mp3,clip 4,,,
SM,P11SM,IW - P11SM clip 5.wav.mp3,clip 5,,,
SM,P11SM,IW - P11SM clip 6.wav.mp3,clip 6,,,
VA,P11VA,IW - P11VA clip 1.wav.mp3,clip 1,,,
VA,P11VA,IW - P11VA clip 10.wav.mp3,clip 10,,,
VA,P11VA,IW - P11VA clip 11.wav.mp3,clip 11,,,
VA,P11VA,IW - P11VA clip 12.wav.mp3,clip 12,,,
VA,P11VA,IW - P11VA clip 13.wav.mp3,clip 13,,,
VA,P11VA,IW - P11VA clip 14.wav.mp3,clip 14,,,
VA,P11VA,IW - P11VA clip 2.wav.mp3,clip 2,,,
VA,P11VA,IW - P11VA clip 3.wav.mp3,clip 3,,,
VA,P11VA,IW - P11VA clip 4.wav.mp3,clip 4,,,
VA,P11VA,IW - P11VA clip 5.wav.mp3,clip 5,,,
VA,P11VA,IW - P11VA clip 6.wav.mp3,clip 6,,,
VA,P11VA,IW - P11VA clip 7.wav.mp3,clip 7,,,
VA,P11VA,IW - P11VA clip 8.wav.mp3,clip 8,,,
VA,P11VA,IW - P11VA clip 9.wav.mp3,clip 9,,,
BO,P12BO,IW - P12BO clip 1.wav.mp3,clip 1,,,
BO,P12BO,IW - P12BO clip 10.wav.mp3,clip 10,,,
BO,P12BO,IW - P12BO clip 11.wav.mp3,clip 11,,,
BO,P12BO,IW - P12BO clip 12.wav.mp3,clip 12,,,
BO,P12BO,IW - P12BO clip 2.wav.mp3,clip 2,,,
BO,P12BO,IW - P12BO clip 3.wav.mp3,clip 3,,,
BO,P12BO,IW - P12BO clip 4.wav.mp3,clip 4,,,
BO,P12BO,IW - P12BO clip 5.wav.mp3,clip 5,,,
BO,P12BO,IW - P12BO clip 6.wav.mp3,clip 6,,,
BO,P12BO,IW - P12BO clip 7.wav.mp3,clip 7,,,
BO,P12BO,IW - P12BO clip 8.wav.mp3,clip 8,,,
BO,P12BO,IW - P12BO clip 9.wav.mp3,clip 9,,,
CA,P12CA,IW - P12CA - clip 1.wav.mp3,clip 1,,,
CA,P12CA,IW - P12CA - clip 10.wav.mp3,clip 10,,,
CA,P12CA,IW - P12CA - clip 11.wav.mp3,clip 11,,,
CA,P12CA,IW - P12CA - clip 2.wav.mp3,clip 2,,,
CA,P12CA,IW - P12CA - clip 3.wav.mp3,clip 3,,,
CA,P12CA,IW - P12CA - clip 4.wav.mp3,clip 4,,,
CA,P12CA,IW - P12CA - clip 5.wav.mp3,clip 5,,,
CA,P12CA,IW - P12CA - clip 6.wav.mp3,clip 6,,,
CA,P12CA,IW - P12CA - clip 7.wav.mp3,clip 7,,,
CA,P12CA,IW - P12CA - clip 8.wav.mp3,clip 8,,,
CA,P12CA,IW - P12CA - clip 9 .wav.mp3,clip 9,,,
CL,P12CL,IW-P12CL clip 1.wav.mp3,clip 1,,,
CL,P12CL,IW-P12CL clip 10.wav.mp3,clip 10,,,
CL,P12CL,IW-P12CL clip 11.wav.mp3,clip 11,,,
CL,P12CL,IW-P12CL clip 12.wav.mp3,clip 12,,,
CL,P12CL,IW-P12CL clip 13.wav.mp3,clip 13,,,
CL,P12CL,IW-P12CL clip 2.wav.mp3,clip 2,,,
CL,P12CL,IW-P12CL clip 3.wav.mp3,clip 3,,,
CL,P12CL,IW-P12CL clip 4.wav.mp3,clip 4,,,
CL,P12CL,IW-P12CL clip 5.wav.mp3,clip 5,,,
CL,P12CL,IW-P12CL clip 6.wav.mp3,clip 6,,,
CL,P12CL,IW-P12CL clip 7.wav.mp3,clip 7,,,
CL,P12CL,IW-P12CL clip 8.wav.mp3,clip 8,,,
CL,P12CL,IW-P12CL clip 9.wav.mp3,clip 9,,,
MA,P12MA,IW - P12MA clip 1.wav.mp3,clip 1,,,
MA,P12MA,IW - P12MA clip 10.wav.mp3,clip 10,,,
MA,P12MA,IW - P12MA clip 11.wav.mp3,clip 11,,,
MA,P12MA,IW - P12MA clip 12.wav.mp3,clip 12,,,
MA,P12MA,IW - P12MA clip 13.wav.mp3,clip 13,,,
MA,P12MA,IW - P12MA clip 2.wav.mp3,clip 2,,,
MA,P12MA,IW - P12MA clip 3.wav.mp3,clip 3,,,
MA,P12MA,IW - P12MA clip 4.wav.mp3,clip 4,,,
MA,P12MA,IW - P12MA clip 5.wav.mp3,clip 5,,,
MA,P12MA,IW - P12MA clip 6.wav.mp3,clip 6,,,
MA,P12MA,IW - P12MA clip 7.wav.mp3,clip 7,,,
MA,P12MA,IW - P12MA clip 8.wav.mp3,clip 8,,,
MA,P12MA,IW - P12MA clip 9.wav.mp3,clip 9,,,
ME,P12ME,IW-P12ME clip 1.wav.mp3,clip 1,,,
ME,P12ME,IW-P12ME clip 10.wav.mp3,clip 10,,,
ME,P12ME,IW-P12ME clip 11.wav.mp3,clip 11,,,
ME,P12ME,IW-P12ME clip 12.wav.mp3,clip 12,,,
ME,P12ME,IW-P12ME clip 13.wav.mp3,clip 13,,,
ME,P12ME,IW-P12ME clip 14.wav.mp3,clip 14,,,
ME,P12ME,IW-P12ME clip 15.wav.mp3,clip 15,,,
ME,P12ME,IW-P12ME clip 2.wav.mp3,clip 2,,,
ME,P12ME,IW-P12ME clip 3.wav.mp3,clip 3,,,
ME,P12ME,IW-P12ME clip 4.wav.mp3,clip 4,,,
ME,P12ME,IW-P12ME clip 5.wav.mp3,clip 5,,,
ME,P12ME,IW-P12ME clip 6.wav.mp3,clip 6,,,
ME,P12ME,IW-P12ME clip 7.wav.mp3,clip 7,,,
ME,P12ME,IW-P12ME clip 8.wav.mp3,clip 8,,,
ME,P12ME,IW-P12ME clip 9.wav.mp3,clip 9,,,
SM,P12SM,IW - P12SM clip 1.wav.mp3,clip 1,,,
SM,P12SM,IW - P12SM clip 10.wav.mp3,clip 10,,,
SM,P12SM,IW - P12SM clip 2.wav.mp3,clip 2,,,
SM,P12SM,IW - P12SM clip 3.wav.mp3,clip 3,,,
SM,P12SM,IW - P12SM clip 4.wav.mp3,clip 4,,,
SM,P12SM,IW - P12SM clip 5.wav.mp3,clip 5,,,
SM,P12SM,IW - P12SM clip 6.wav.mp3,clip 6,,,
SM,P12SM,IW - P12SM clip 7.wav.mp3,clip 7,,,
SM,P12SM,IW - P12SM clip 8.wav.mp3,clip 8,,,
SM,P12SM,IW - P12SM clip 9.wav.mp3,clip 9,,,
VA,P12VA,IW - P12VA clip 1.wav.mp3,clip 1,,,
VA,P12VA,IW - P12VA clip 10.wav.mp3,clip 10,,,
VA,P12VA,IW - P12VA clip 11.wav.mp3,clip 11,,,
VA,P12VA,IW - P12VA clip 12.wav.mp3,clip 12,,,
VA,P12VA,IW - P12VA clip 13.wav.mp3,clip 13,,,
VA,P12VA,IW - P12VA clip 14.wav.mp3,clip 14,,,
VA,P12VA,IW - P12VA clip 2.wav.mp3,clip 2,,,
VA,P12VA,IW - P12VA clip 3.wav.mp3,clip 3,,,
VA,P12VA,IW - P12VA clip 4.wav.mp3,clip 4,,,
VA,P12VA,IW - P12VA clip 5.wav.mp3,clip 5,,,
VA,P12VA,IW - P12VA clip 6.wav.mp3,clip 6,,,
VA,P12VA,IW - P12VA clip 7.wav.mp3,clip 7,,,
VA,P12VA,IW - P12VA clip 8.wav.mp3,clip 8,,,
VA,P12VA,IW - P12VA clip 9.wav.mp3,clip 9,,,
BO,P13BO,IW - P13BO clip 1.wav.mp3,clip 1,,,
BO,P13BO,IW - P13BO clip 10.wav.mp3,clip 10,,,
BO,P13BO,IW - P13BO clip 11.wav.mp3,clip 11,,,
BO,P13BO,IW - P13BO clip 12.wav.mp3,clip 12,,,
BO,P13BO,IW - P13BO clip 13.wav.mp3,clip 13,,,
BO,P13BO,IW - P13BO clip 14.wav.mp3,clip 14,,,
BO,P13BO,IW - P13BO clip 2.wav.mp3,clip 2,,,
BO,P13BO,IW - P13BO clip 3.wav.mp3,clip 3,,,
BO,P13BO,IW - P13BO clip 4.wav.mp3,clip 4,,,
BO,P13BO,IW - P13BO clip 5.wav.mp3,clip 5,,,
BO,P13BO,IW - P13BO clip 6.wav.mp3,clip 6,,,
BO,P13BO,IW - P13BO clip 7.wav.mp3,clip 7,,,
BO,P13BO,IW - P13BO clip 8.wav.mp3,clip 8,,,
BO,P13BO,IW - P13BO clip 9.wav.mp3,clip 9,,,
CA,P13CA,IW - P13CA - clip 1.wav.mp3,clip 1,,,
CA,P13CA,IW - P13CA - clip 2.wav.mp3,clip 2,,,
CA,P13CA,IW - P13CA - clip 3.wav.mp3,clip 3,,,
CA,P13CA,IW - P13CA - clip 4 (long).wav.mp3,clip 4(long),,,
CA,P13CA,IW - P13CA - clip 5 (long).wav.mp3,clip 5(long),,,
CA,P13CA,IW - P13CA - clip 6.wav.mp3,clip 6,,,
CL,P13CL,IW-P13CL clip 1.wav.mp3,clip 1,,,
CL,P13CL,IW-P13CL clip 2.wav.mp3,clip 2,,,
CL,P13CL,IW-P13CL clip 3.wav.mp3,clip 3,,,
CL,P13CL,IW-P13CL clip 4.wav.mp3,clip 4,,,
CL,P13CL,IW-P13CL clip 5.wav.mp3,clip 5,,,
CL,P13CL,IW-P13CL clip 6.wav.mp3,clip 6,,,
CL,P13CL,IW-P13CL clip 7.wav.mp3,clip 7,,,
CL,P13CL,IW-P13CL clip 8.wav.mp3,clip 8,,,
MA,P13MA,IW - P13MA clip 1.wav.mp3,clip 1,,,
MA,P13MA,IW - P13MA clip 10.wav.mp3,clip 10,,,
MA,P13MA,IW - P13MA clip 11.wav.mp3,clip 11,,,
MA,P13MA,IW - P13MA clip 12.wav.mp3,clip 12,,,
MA,P13MA,IW - P13MA clip 13.wav.mp3,clip 13,,,
MA,P13MA,IW - P13MA clip 2.wav.mp3,clip 2,,,
MA,P13MA,IW - P13MA clip 3.wav.mp3,clip 3,,,
MA,P13MA,IW - P13MA clip 4.wav.mp3,clip 4,,,
MA,P13MA,IW - P13MA clip 5.wav.mp3,clip 5,,,
MA,P13MA,IW - P13MA clip 6.wav.mp3,clip 6,,,
MA,P13MA,IW - P13MA clip 7.wav.mp3,clip 7,,,
MA,P13MA,IW - P13MA clip 8.wav.mp3,clip 8,,,
MA,P13MA,IW - P13MA clip 9.wav.mp3,clip 9,,,
ME,P13ME,IW-P13ME clip 1.wav.mp3,clip 1,,,
ME,P13ME,IW-P13ME clip 10.wav.mp3,clip 10,,,
ME,P13ME,IW-P13ME clip 11.wav.mp3,clip 11,,,
ME,P13ME,IW-P13ME clip 12.wav.mp3,clip 12,,,
ME,P13ME,IW-P13ME clip 13.wav.mp3,clip 13,,,
ME,P13ME,IW-P13ME clip 14.wav.mp3,clip 14,,,
ME,P13ME,IW-P13ME clip 15.wav.mp3,clip 15,,,
ME,P13ME,IW-P13ME clip 16.wav.mp3,clip 16,,,
ME,P13ME,IW-P13ME clip 17.wav.mp3,clip 17,,,
ME,P13ME,IW-P13ME clip 18.wav.mp3,clip 18,,,
ME,P13ME,IW-P13ME clip 19.wav.mp3,clip 19,,,
ME,P13ME,IW-P13ME clip 2.wav.mp3,clip 2,,,
ME,P13ME,IW-P13ME clip 20.wav.mp3,clip 20,,,
ME,P13ME,IW-P13ME clip 21.wav.mp3,clip 21,,,
ME,P13ME,IW-P13ME clip 3.wav.mp3,clip 3,,,
ME,P13ME,IW-P13ME clip 4.wav.mp3,clip 4,,,
ME,P13ME,IW-P13ME clip 5.wav.mp3,clip 5,,,
ME,P13ME,IW-P13ME clip 6.wav.mp3,clip 6,,,
ME,P13ME,IW-P13ME clip 7.wav.mp3,clip 7,,,
ME,P13ME,IW-P13ME clip 8.wav.mp3,clip 8,,,
ME,P13ME,IW-P13ME clip 9.wav.mp3,clip 9,,,
SM,P13SM,IW - P13SM clip 1.wav.mp3,clip 1,,,
SM,P13SM,IW - P13SM clip 2.wav.mp3,clip 2,,,
SM,P13SM,IW - P13SM clip 3.wav.mp3,clip 3,,,
SM,P13SM,IW - P13SM clip 4.wav.mp3,clip 4,,,
SM,P13SM,IW - P13SM clip 5.wav.mp3,clip 5,,,
SM,P13SM,IW - P13SM clip 6.wav.mp3,clip 6,,,
SM,P13SM,IW - P13SM clip 7.wav.mp3,clip 7,,,
SM,P13SM,IW - P13SM clip 8.wav.mp3,clip 8,,,
SM,P13SM,IW - P13SM clip 9.wav.mp3,clip 9,,,
VA,P13VA,IW - P13VA clip 1.wav.mp3,clip 1,,,
VA,P13VA,IW - P13VA clip 10.wav.mp3,clip 10,,,
VA,P13VA,IW - P13VA clip 11.wav.mp3,clip 11,,,
VA,P13VA,IW - P13VA clip 12.wav.mp3,clip 12,,,
VA,P13VA,IW - P13VA clip 13.wav.mp3,clip 13,,,
VA,P13VA,IW - P13VA clip 2.wav.mp3,clip 2,,,
VA,P13VA,IW - P13VA clip 3.wav.mp3,clip 3,,,
VA,P13VA,IW - P13VA clip 4.wav.mp3,clip 4,,,
VA,P13VA,IW - P13VA clip 5.wav.mp3,clip 5,,,
VA,P13VA,IW - P13VA clip 6.wav.mp3,clip 6,,,
VA,P13VA,IW - P13VA clip 7.wav.mp3,clip 7,,,
VA,P13VA,IW - P13VA clip 8.wav.mp3,clip 8,,,
VA,P13VA,IW - P13VA clip 9.wav.mp3,clip 9,,,
BO,P14BO,IW - P14BO clip 1.wav.mp3,clip 1,,,
BO,P14BO,IW - P14BO clip 10.wav.mp3,clip 10,,,
BO,P14BO,IW - P14BO clip 11.wav.mp3,clip 11,,,
BO,P14BO,IW - P14BO clip 12.wav.mp3,clip 12,,,
BO,P14BO,IW - P14BO clip 13.wav.mp3,clip 13,,,
BO,P14BO,IW - P14BO clip 14.wav.mp3,clip 14,,,
BO,P14BO,IW - P14BO clip 2.wav.mp3,clip 2,,,
BO,P14BO,IW - P14BO clip 3.wav.mp3,clip 3,,,
BO,P14BO,IW - P14BO clip 4.wav.mp3,clip 4,,,
BO,P14BO,IW - P14BO clip 5.wav.mp3,clip 5,,,
BO,P14BO,IW - P14BO clip 6.wav.mp3,clip 6,,,
BO,P14BO,IW - P14BO clip 7.wav.mp3,clip 7,,,
BO,P14BO,IW - P14BO clip 8.wav.mp3,clip 8,,,
BO,P14BO,IW - P14BO clip 9.wav.mp3,clip 9,,,
CA,P14CA,IW - P14CA - clip 1.wav.mp3,clip 1,,,
CA,P14CA,IW - P14CA - clip 10.wav.mp3,clip 10,,,
CA,P14CA,IW - P14CA - clip 11.wav.mp3,clip 11,,,
CA,P14CA,IW - P14CA - clip 2.wav.mp3,clip 2,,,
CA,P14CA,IW - P14CA - clip 3.wav.mp3,clip 3,,,
CA,P14CA,IW - P14CA - clip 4.wav.mp3,clip 4,,,
CA,P14CA,IW - P14CA - clip 5.wav.mp3,clip 5,,,
CA,P14CA,IW - P14CA - clip 6.wav.mp3,clip 6,,,
CA,P14CA,IW - P14CA - clip 7.wav.mp3,clip 7,,,
CA,P14CA,IW - P14CA - clip 8.wav.mp3,clip 8,,,
CA,P14CA,IW - P14CA - clip 9.wav.mp3,clip 9,,,
MA,P14MA,IW - P14MA clip 1.wav.mp3,clip 1,,,
MA,P14MA,IW - P14MA clip 10.wav.mp3,clip 10,,,
MA,P14MA,IW - P14MA clip 2.wav.mp3,clip 2,,,
MA,P14MA,IW - P14MA clip 3.wav.mp3,clip 3,,,
MA,P14MA,IW - P14MA clip 4.wav.mp3,clip 4,,,
MA,P14MA,IW - P14MA clip 5.wav.mp3,clip 5,,,
MA,P14MA,IW - P14MA clip 6.wav.mp3,clip 6,,,
MA,P14MA,IW - P14MA clip 7.wav.mp3,clip 7,,,
MA,P14MA,IW - P14MA clip 8.wav.mp3,clip 8,,,
MA,P14MA,IW - P14MA clip 9.wav.mp3,clip 9,,,
ME,P14ME,IW-P14ME clip 1.wav.mp3,clip 1,,,
ME,P14ME,IW-P14ME clip 10.wav.mp3,clip 10,,,
ME,P14ME,IW-P14ME clip 11.wav.mp3,clip 11,,,
ME,P14ME,IW-P14ME clip 12.wav.mp3,clip 12,,,
ME,P14ME,IW-P14ME clip 13.wav.mp3,clip 13,,,
ME,P14ME,IW-P14ME clip 14.wav.mp3,clip 14,,,
ME,P14ME,IW-P14ME clip 15.wav.mp3,clip 15,,,
ME,P14ME,IW-P14ME clip 16.wav.mp3,clip 16,,,
ME,P14ME,IW-P14ME clip 17.wav.mp3,clip 17,,,
ME,P14ME,IW-P14ME clip 18.wav.mp3,clip 18,,,
ME,P14ME,IW-P14ME clip 19.wav.mp3,clip 19,,,
ME,P14ME,IW-P14ME clip 2.wav.mp3,clip 2,,,
ME,P14ME,IW-P14ME clip 20.wav.mp3,clip 20,,,
ME,P14ME,IW-P14ME clip 21.wav.mp3,clip 21,,,
ME,P14ME,IW-P14ME clip 22.wav.mp3,clip 22,,,
ME,P14ME,IW-P14ME clip 23.wav.mp3,clip 23,,,
ME,P14ME,IW-P14ME clip 3.wav.mp3,clip 3,,,
ME,P14ME,IW-P14ME clip 4.wav.mp3,clip 4,,,
ME,P14ME,IW-P14ME clip 5.wav.mp3,clip 5,,,
ME,P14ME,IW-P14ME clip 6.wav.mp3,clip 6,,,
ME,P14ME,IW-P14ME clip 7.wav.mp3,clip 7,,,
ME,P14ME,IW-P14ME clip 8.wav.mp3,clip 8,,,
ME,P14ME,IW-P14ME clip 9.wav.mp3,clip 9,,,
SM,P14SM,IW - P14SM clip 1.wav.mp3,clip 1,,,
SM,P14SM,IW - P14SM clip 10.wav.mp3,clip 10,,,
SM,P14SM,IW - P14SM clip 2.wav.mp3,clip 2,,,
SM,P14SM,IW - P14SM clip 3.wav.mp3,clip 3,,,
SM,P14SM,IW - P14SM clip 4.wav.mp3,clip 4,,,
SM,P14SM,IW - P14SM clip 5.wav.mp3,clip 5,,,
SM,P14SM,IW - P14SM clip 6.wav.mp3,clip 6,,,
SM,P14SM,IW - P14SM clip 7.wav.mp3,clip 7,,,
SM,P14SM,IW - P14SM clip 8.wav.mp3,clip 8,,,
SM,P14SM,IW - P14SM clip 9.wav.mp3,clip 9,,,
VA,P14VA,IW - P14VA  clip 1.wav.mp3,clip 1,,,
VA,P14VA,IW - P14VA clip 2.wav.mp3,clip 2,,,
VA,P14VA,IW - P14VA clip 3.wav.mp3,clip 3,,,
VA,P14VA,IW - P14VA clip 4.wav.mp3,clip 4,,,
VA,P14VA,IW - P14VA clip 5.wav.mp3,clip 5,,,
VA,P14VA,IW - P14VA clip 6.wav.mp3,clip 6,,,
VA,P14VA,IW - P14VA clip 7.wav.mp3,clip 7,,,
VA,P14VA,IW - P14VA clip 8.wav.mp3,clip 8,,,
VA,P14VA,IW - P14VA clip 9.wav.mp3,clip 9,,,
BO,P15BO,IW - P15BO clip 1.wav.mp3,clip 1,,,
BO,P15BO,IW - P15BO clip 10.wav.mp3,clip 10,,,
BO,P15BO,IW - P15BO clip 2.wav.mp3,clip 2,,,
BO,P15BO,IW - P15BO clip 3.wav.mp3,clip 3,,,
BO,P15BO,IW - P15BO clip 4.wav.mp3,clip 4,,,
BO,P15BO,IW - P15BO clip 5.wav.mp3,clip 5,,,
BO,P15BO,IW - P15BO clip 6.wav.mp3,clip 6,,,
BO,P15BO,IW - P15BO clip 7.wav.mp3,clip 7,,,
BO,P15BO,IW - P15BO clip 8.wav.mp3,clip 8,,,
BO,P15BO,IW - P15BO clip 9.wav.mp3,clip 9,,,
CA,P15CA,IW - P15CA - clip 1.wav.mp3,clip 1,,,
CA,P15CA,IW - P15CA - clip 2.wav.mp3,clip 2,,,
CA,P15CA,IW - P15CA - clip 3.wav.mp3,clip 3,,,
CA,P15CA,IW - P15CA - clip 4.wav.mp3,clip 4,,,
CA,P15CA,IW - P15CA - clip 5.wav.mp3,clip 5,,,
CA,P15CA,IW - P15CA - clip 6.wav.mp3,clip 6,,,
CA,P15CA,IW - P15CA - clip 7.wav.mp3,clip 7,,,
CA,P15CA,IW - P15CA - clip 8.wav.mp3,clip 8,,,
CA,P15CA,IW - P15CA - clip 9.wav.mp3,clip 9,,,
MA,P15MA,IW - P15MA clip 1.wav.mp3,clip 1,,,
MA,P15MA,IW - P15MA clip 10.wav.mp3,clip 10,,,
MA,P15MA,IW - P15MA clip 11.wav.mp3,clip 11,,,
MA,P15MA,IW - P15MA clip 2.wav.mp3,clip 2,,,
MA,P15MA,IW - P15MA clip 3.wav.mp3,clip 3,,,
MA,P15MA,IW - P15MA clip 4.wav.mp3,clip 4,,,
MA,P15MA,IW - P15MA clip 5.wav.mp3,clip 5,,,
MA,P15MA,IW - P15MA clip 6.wav.mp3,clip 6,,,
MA,P15MA,IW - P15MA clip 7.wav.mp3,clip 7,,,
MA,P15MA,IW - P15MA clip 8.wav.mp3,clip 8,,,
MA,P15MA,IW - P15MA clip 9.wav.mp3,clip 9,,,
ME,P15ME,IW-P15ME clip 1.wav.mp3,clip 1,,,
ME,P15ME,IW-P15ME clip 10.wav.mp3,clip 10,,,
ME,P15ME,IW-P15ME clip 11.wav.mp3,clip 11,,,
ME,P15ME,IW-P15ME clip 12.wav.mp3,clip 12,,,
ME,P15ME,IW-P15ME clip 13.wav.mp3,clip 13,,,
ME,P15ME,IW-P15ME clip 14.wav.mp3,clip 14,,,
ME,P15ME,IW-P15ME clip 15.wav.mp3,clip 15,,,
ME,P15ME,IW-P15ME clip 16.wav.mp3,clip 16,,,
ME,P15ME,IW-P15ME clip 17.wav.mp3,clip 17,,,
ME,P15ME,IW-P15ME clip 18.wav.mp3,clip 18,,,
ME,P15ME,IW-P15ME clip 2.wav.mp3,clip 2,,,
ME,P15ME,IW-P15ME clip 3.wav.mp3,clip 3,,,
ME,P15ME,IW-P15ME clip 4.wav.mp3,clip 4,,,
ME,P15ME,IW-P15ME clip 5.wav.mp3,clip 5,,,
ME,P15ME,IW-P15ME clip 6.wav.mp3,clip 6,,,
ME,P15ME,IW-P15ME clip 7.wav.mp3,clip 7,,,
ME,P15ME,IW-P15ME clip 8.wav.mp3,clip 8,,,
ME,P15ME,IW-P15ME clip 9.wav.mp3,clip 9,,,
VA,P15VA,IW - P15VA clip 1.wav.mp3,clip 1,,,
VA,P15VA,IW - P15VA clip 10.wav.mp3,clip 10,,,
VA,P15VA,IW - P15VA clip 11.wav.mp3,clip 11,,,
VA,P15VA,IW - P15VA clip 12.wav.mp3,clip 12,,,
VA,P15VA,IW - P15VA clip 13.wav.mp3,clip 13,,,
VA,P15VA,IW - P15VA clip 2.wav.mp3,clip 2,,,
VA,P15VA,IW - P15VA clip 3.wav.mp3,clip 3,,,
VA,P15VA,IW - P15VA clip 4.wav.mp3,clip 4,,,
VA,P15VA,IW - P15VA clip 5.wav.mp3,clip 5,,,
VA,P15VA,IW - P15VA clip 6.wav.mp3,clip 6,,,
VA,P15VA,IW - P15VA clip 7.wav.mp3,clip 7,,,
VA,P15VA,IW - P15VA clip 8.wav.mp3,clip 8,,,
VA,P15VA,IW - P15VA clip 9.wav.mp3,clip 9,,,
BO,P16BO,IW - P16BO clip 1.wav.mp3,clip 1,,,
BO,P16BO,IW - P16BO clip 10.wav.mp3,clip 10,,,
BO,P16BO,IW - P16BO clip 2.wav.mp3,clip 2,,,
BO,P16BO,IW - P16BO clip 3.wav.mp3,clip 3,,,
BO,P16BO,IW - P16BO clip 4.wav.mp3,clip 4,,,
BO,P16BO,IW - P16BO clip 5.wav.mp3,clip 5,,,
BO,P16BO,IW - P16BO clip 6.wav.mp3,clip 6,,,
BO,P16BO,IW - P16BO clip 7.wav.mp3,clip 7,,,
BO,P16BO,IW - P16BO clip 8.wav.mp3,clip 8,,,
BO,P16BO,IW - P16BO clip 9.wav.mp3,clip 9,,,
CA,P16CA,IW - P16CA - clip 1.wav.mp3,clip 1,,,
CA,P16CA,IW - P16CA - clip 2.wav.mp3,clip 2,,,
CA,P16CA,IW - P16CA - clip 3.wav.mp3,clip 3,,,
CA,P16CA,IW - P16CA - clip 4.wav.mp3,clip 4,,,
CA,P16CA,IW - P16CA - clip 5.wav.mp3,clip 5,,,
CA,P16CA,IW - P16CA - clip 6.wav.mp3,clip 6,,,
CA,P16CA,IW - P16CA - clip 7.wav.mp3,clip 7,,,
CA,P16CA,IW - P16CA - clip 8.wav.mp3,clip 8,,,
MA,P16MA,IW - P16MA clip 1.wav.mp3,clip 1,,,
MA,P16MA,IW - P16MA clip 10.wav.mp3,clip 10,,,
MA,P16MA,IW - P16MA clip 11.wav.mp3,clip 11,,,
MA,P16MA,IW - P16MA clip 12.wav.mp3,clip 12,,,
MA,P16MA,IW - P16MA clip 13.wav.mp3,clip 13,,,
MA,P16MA,IW - P16MA clip 14.wav.mp3,clip 14,,,
MA,P16MA,IW - P16MA clip 2.wav.mp3,clip 2,,,
MA,P16MA,IW - P16MA clip 3.wav.mp3,clip 3,,,
MA,P16MA,IW - P16MA clip 4.wav.mp3,clip 4,,,
MA,P16MA,IW - P16MA clip 5.wav.mp3,clip 5,,,
MA,P16MA,IW - P16MA clip 6.wav.mp3,clip 6,,,
MA,P16MA,IW - P16MA clip 7.wav.mp3,clip 7,,,
MA,P16MA,IW - P16MA clip 8.wav.mp3,clip 8,,,
MA,P16MA,IW - P16MA clip 9.wav.mp3,clip 9,,,
ME,P16ME,IW-P16ME clip 1.wav.mp3,clip 1,,,
ME,P16ME,IW-P16ME clip 10.wav.mp3,clip 10,,,
ME,P16ME,IW-P16ME clip 11.wav.mp3,clip 11,,,
ME,P16ME,IW-P16ME clip 12.wav.mp3,clip 12,,,
ME,P16ME,IW-P16ME clip 13.wav.mp3,clip 13,,,
ME,P16ME,IW-P16ME clip 14.wav.mp3,clip 14,,,
ME,P16ME,IW-P16ME clip 2.wav.mp3,clip 2,,,
ME,P16ME,IW-P16ME clip 3.wav.mp3,clip 3,,,
ME,P16ME,IW-P16ME clip 4.wav.mp3,clip 4,,,
ME,P16ME,IW-P16ME clip 5.wav.mp3,clip 5,,,
ME,P16ME,IW-P16ME clip 6.wav.mp3,clip 6,,,
ME,P16ME,IW-P16ME clip 7.wav.mp3,clip 7,,,
ME,P16ME,IW-P16ME clip 8.wav.mp3,clip 8,,,
ME,P16ME,IW-P16ME clip 9.wav.mp3,clip 9,,,
BO,P17BO,IW - P17BO clip 1.wav.mp3,clip 1,,,
BO,P17BO,IW - P17BO clip 10.wav.mp3,clip 10,,,
BO,P17BO,IW - P17BO clip 2.wav.mp3,clip 2,,,
BO,P17BO,IW - P17BO clip 3.wav.mp3,clip 3,,,
BO,P17BO,IW - P17BO clip 4.wav.mp3,clip 4,,,
BO,P17BO,IW - P17BO clip 5.wav.mp3,clip 5,,,
BO,P17BO,IW - P17BO clip 6.wav.mp3,clip 6,,,
BO,P17BO,IW - P17BO clip 7.wav.mp3,clip 7,,,
BO,P17BO,IW - P17BO clip 8.wav.mp3,clip 8,,,
BO,P17BO,IW - P17BO clip 9.wav.mp3,clip 9,,,
CA,P17CA,IW - P17CA - clip 1.wav.mp3,clip 1,,,
CA,P17CA,IW - P17CA - clip 2.wav.mp3,clip 2,,,
CA,P17CA,IW - P17CA - clip 3.wav.mp3,clip 3,,,
CA,P17CA,IW - P17CA - clip 4.wav.mp3,clip 4,,,
CA,P17CA,IW - P17CA - clip 5.wav.mp3,clip 5,,,
CA,P17CA,IW - P17CA - clip 6.wav.mp3,clip 6,,,
CA,P17CA,IW - P17CA - clip 7.wav.mp3,clip 7,,,
CA,P17CA,IW - P17CA - clip 8.wav.mp3,clip 8,,,
MA,P17MA,IW - P17MA clip 1.wav.mp3,clip 1,,,
MA,P17MA,IW - P17MA clip 10.wav.mp3,clip 10,,,
MA,P17MA,IW - P17MA clip 11.wav.mp3,clip 11,,,
MA,P17MA,IW - P17MA clip 12.wav.mp3,clip 12,,,
MA,P17MA,IW - P17MA clip 13.wav.mp3,clip 13,,,
MA,P17MA,IW - P17MA clip 14.wav.mp3,clip 14,,,
MA,P17MA,IW - P17MA clip 15.wav.mp3,clip 15,,,
MA,P17MA,IW - P17MA clip 2.wav.mp3,clip 2,,,
MA,P17MA,IW - P17MA clip 3.wav.mp3,clip 3,,,
MA,P17MA,IW - P17MA clip 4.wav.mp3,clip 4,,,
MA,P17MA,IW - P17MA clip 5.wav.mp3,clip 5,,,
MA,P17MA,IW - P17MA clip 6.wav.mp3,clip 6,,,
MA,P17MA,IW - P17MA clip 7.wav.mp3,clip 7,,,
MA,P17MA,IW - P17MA clip 8.wav.mp3,clip 8,,,
MA,P17MA,IW - P17MA clip 9.wav.mp3,clip 9,,,
BO,P18BO,IW - P18BO clip 1.wav.mp3,clip 1,,,
BO,P18BO,IW - P18BO clip 10.wav.mp3,clip 10,,,
BO,P18BO,IW - P18BO clip 11.wav.mp3,clip 11,,,
BO,P18BO,IW - P18BO clip 12.wav.mp3,clip 12,,,
BO,P18BO,IW - P18BO clip 13.wav.mp3,clip 13,,,
BO,P18BO,IW - P18BO clip 2.wav.mp3,clip 2,,,
BO,P18BO,IW - P18BO clip 3.wav.mp3,clip 3,,,
BO,P18BO,IW - P18BO clip 4.wav.mp3,clip 4,,,
BO,P18BO,IW - P18BO clip 5.wav.mp3,clip 5,,,
BO,P18BO,IW - P18BO clip 6.wav.mp3,clip 6,,,
BO,P18BO,IW - P18BO clip 7.wav.mp3,clip 7,,,
BO,P18BO,IW - P18BO clip 8.wav.mp3,clip 8,,,
BO,P18BO,IW - P18BO clip 9.wav.mp3,clip 9,,,
MA,P18MA,IW - P18MA clip 1.wav.mp3,clip 1,,,
MA,P18MA,IW - P18MA clip 10.wav.mp3,clip 10,,,
MA,P18MA,IW - P18MA clip 11.wav.mp3,clip 11,,,
MA,P18MA,IW - P18MA clip 12.wav.mp3,clip 12,,,
MA,P18MA,IW - P18MA clip 13.wav.mp3,clip 13,,,
MA,P18MA,IW - P18MA clip 14.wav.mp3,clip 14,,,
MA,P18MA,IW - P18MA clip 2.wav.mp3,clip 2,,,
MA,P18MA,IW - P18MA clip 3.wav.mp3,clip 3,,,
MA,P18MA,IW - P18MA clip 4.wav.mp3,clip 4,,,
MA,P18MA,IW - P18MA clip 5.wav.mp3,clip 5,,,
MA,P18MA,IW - P18MA clip 6.wav.mp3,clip 6,,,
MA,P18MA,IW - P18MA clip 7.wav.mp3,clip 7,,,
MA,P18MA,IW - P18MA clip 8.wav.mp3,clip 8,,,
MA,P18MA,IW - P18MA clip 9.wav.mp3,clip 9,,,
BO,P19BO,IW - P19BO clip 1.wav.mp3,clip 1,,,
BO,P19BO,IW - P19BO clip 10.wav.mp3,clip 10,,,
BO,P19BO,IW - P19BO clip 11.wav.mp3,clip 11,,,
BO,P19BO,IW - P19BO clip 12.wav.mp3,clip 12,,,
BO,P19BO,IW - P19BO clip 13.wav.mp3,clip 13,,,
BO,P19BO,IW - P19BO clip 14.wav.mp3,clip 14,,,
BO,P19BO,IW - P19BO clip 2.wav.mp3,clip 2,,,
BO,P19BO,IW - P19BO clip 3.wav.mp3,clip 3,,,
BO,P19BO,IW - P19BO clip 4.wav.mp3,clip 4,,,
BO,P19BO,IW - P19BO clip 5.wav.mp3,clip 5,,,
BO,P19BO,IW - P19BO clip 6.wav.mp3,clip 6,,,
BO,P19BO,IW - P19BO clip 7.wav.mp3,clip 7,,,
BO,P19BO,IW - P19BO clip 8.wav.mp3,clip 8,,,
BO,P19BO,IW - P19BO clip 9.wav.mp3,clip 9,,,
MA,P19MA,IW - P19MA clip 1.wav.mp3,clip 1,,,
MA,P19MA,IW - P19MA clip 10.wav.mp3,clip 10,,,
MA,P19MA,IW - P19MA clip 11.wav.mp3,clip 11,,,
MA,P19MA,IW - P19MA clip 12.wav.mp3,clip 12,,,
MA,P19MA,IW - P19MA clip 2.wav.mp3,clip 2,,,
MA,P19MA,IW - P19MA clip 3.wav.mp3,clip 3,,,
MA,P19MA,IW - P19MA clip 4.wav.mp3,clip 4,,,
MA,P19MA,IW - P19MA clip 5.wav.mp3,clip 5,,,
MA,P19MA,IW - P19MA clip 6.wav.mp3,clip 6,,,
MA,P19MA,IW - P19MA clip 7.wav.mp3,clip 7,,,
MA,P19MA,IW - P19MA clip 8.wav.mp3,clip 8,,,
MA,P19MA,IW - P19MA clip 9.wav.mp3,clip 9,,,
BO,P1BO,IW-P1BO clip 1.wav.mp3,clip 1,,,
BO,P1BO,IW-P1BO clip 10.wav.mp3,clip 10,,,
BO,P1BO,IW-P1BO clip 11.wav.mp3,clip 11,,,
BO,P1BO,IW-P1BO clip 12.wav.mp3,clip 12,,,
BO,P1BO,IW-P1BO clip 13.wav.mp3,clip 13,,,
BO,P1BO,IW-P1BO clip 2.wav.mp3,clip 2,,,
BO,P1BO,IW-P1BO clip 3.wav.mp3,clip 3,,,
BO,P1BO,IW-P1BO clip 4.wav.mp3,clip 4,,,
BO,P1BO,IW-P1BO clip 5.wav.mp3,clip 5,,,
BO,P1BO,IW-P1BO clip 6.wav.mp3,clip 6,,,
BO,P1BO,IW-P1BO clip 7.wav.mp3,clip 7,,,
BO,P1BO,IW-P1BO clip 8.wav.mp3,clip 8,,,
BO,P1BO,IW-P1BO clip 9.wav.mp3,clip 9,,,
CA,P1CA,IW - P1CA - clip 1.wav.mp3,clip 1,,,
CA,P1CA,IW - P1CA - clip 2.wav.mp3,clip 2,,,
CA,P1CA,IW - P1CA - clip 3.wav.mp3,clip 3,,,
CA,P1CA,IW - P1CA - clip 4.wav.mp3,clip 4,,,
CA,P1CA,IW - P1CA - clip 5.wav.mp3,clip 5,,,
CA,P1CA,IW - P1CA - clip 6.wav.mp3,clip 6,,,
CA,P1CA,IW - P1CA - clip 7.wav.mp3,clip 7,,,
CA,P1CA,IW - P1CA - clip 8.wav.mp3,clip 8,,,
CA,P1CA,IW - P1CA - clip 9.wav.mp3,clip 9,,,
CL,P1CL,IW-P1CL clip 1.wav.mp3,clip 1,,,
CL,P1CL,IW-P1CL clip 10.wav.mp3,clip 10,,,
CL,P1CL,IW-P1CL clip 11.wav.mp3,clip 11,,,
CL,P1CL,IW-P1CL clip 12.wav.mp3,clip 12,,,
CL,P1CL,IW-P1CL clip 13.wav.mp3,clip 13,,,
CL,P1CL,IW-P1CL clip 14.wav.mp3,clip 14,,,
CL,P1CL,IW-P1CL clip 2.wav.mp3,clip 2,,,
CL,P1CL,IW-P1CL clip 3.wav.mp3,clip 3,,,
CL,P1CL,IW-P1CL clip 4.wav.mp3,clip 4,,,
CL,P1CL,IW-P1CL clip 5.wav.mp3,clip 5,,,
CL,P1CL,IW-P1CL clip 6.wav.mp3,clip 6,,,
CL,P1CL,IW-P1CL clip 7.wav.mp3,clip 7,,,
CL,P1CL,IW-P1CL clip 8.wav.mp3,clip 8,,,
CL,P1CL,IW-P1CL clip 9.wav.mp3,clip 9,,,
MA,P1MA,IW - P1MA clip 1 .wav.mp3,clip 1,,,
MA,P1MA,IW - P1MA clip 10.wav.mp3,clip 10,,,
MA,P1MA,IW - P1MA clip 11.wav.mp3,clip 11,,,
MA,P1MA,IW - P1MA clip 12.wav.mp3,clip 12,,,
MA,P1MA,IW - P1MA clip 13.wav.mp3,clip 13,,,
MA,P1MA,IW - P1MA clip 14.wav.mp3,clip 14,,,
MA,P1MA,IW - P1MA clip 15.wav.mp3,clip 15,,,
MA,P1MA,IW - P1MA clip 2.wav.mp3,clip 2,,,
MA,P1MA,IW - P1MA clip 3.wav.mp3,clip 3,,,
MA,P1MA,IW - P1MA clip 4.wav.mp3,clip 4,,,
MA,P1MA,IW - P1MA clip 5.wav.mp3,clip 5,,,
MA,P1MA,IW - P1MA clip 6.wav.mp3,clip 6,,,
MA,P1MA,IW - P1MA clip 7.wav.mp3,clip 7,,,
MA,P1MA,IW - P1MA clip 8.wav.mp3,clip 8,,,
MA,P1MA,IW - P1MA clip 9.wav.mp3,clip 9,,,
ME,P1ME,IW - P1ME clip 1.wav.mp3,clip 1,,,
ME,P1ME,IW - P1ME clip 10.wav.mp3,clip 10,,,
ME,P1ME,IW - P1ME clip 11.wav.mp3,clip 11,,,
ME,P1ME,IW - P1ME clip 12.wav.mp3,clip 12,,,
ME,P1ME,IW - P1ME clip 13.wav.mp3,clip 13,,,
ME,P1ME,IW - P1ME clip 14.wav.mp3,clip 14,,,
ME,P1ME,IW - P1ME clip 15.wav.mp3,clip 15,,,
ME,P1ME,IW - P1ME clip 16.wav.mp3,clip 16,,,
ME,P1ME,IW - P1ME clip 17.wav.mp3,clip 17,,,
ME,P1ME,IW - P1ME clip 18.wav.mp3,clip 18,,,
ME,P1ME,IW - P1ME clip 19.wav.mp3,clip 19,,,
ME,P1ME,IW - P1ME clip 2.wav.mp3,clip 2,,,
ME,P1ME,IW - P1ME clip 20.wav.mp3,clip 20,,,
ME,P1ME,IW - P1ME clip 21.wav.mp3,clip 21,,,
ME,P1ME,IW - P1ME clip 22.wav.mp3,clip 22,,,
ME,P1ME,IW - P1ME clip 23.wav.mp3,clip 23,,,
ME,P1ME,IW - P1ME clip 24.wav.mp3,clip 24,,,
ME,P1ME,IW - P1ME clip 25.wav.mp3,clip 25,,,
ME,P1ME,IW - P1ME clip 26.wav.mp3,clip 26,,,
ME,P1ME,IW - P1ME clip 27.wav.mp3,clip 27,,,
ME,P1ME,IW - P1ME clip 28.wav.mp3,clip 28,,,
ME,P1ME,IW - P1ME clip 29.wav.mp3,clip 29,,,
ME,P1ME,IW - P1ME clip 3.wav.mp3,clip 3,,,
ME,P1ME,IW - P1ME clip 4.wav.mp3,clip 4,,,
ME,P1ME,IW - P1ME clip 5.wav.mp3,clip 5,,,
ME,P1ME,IW - P1ME clip 6.wav.mp3,clip 6,,,
ME,P1ME,IW - P1ME clip 7.wav.mp3,clip 7,,,
ME,P1ME,IW - P1ME clip 8.wav.mp3,clip 8,,,
ME,P1ME,IW - P1ME clip 9.wav.mp3,clip 9,,,
SM,P1SM,IW - P1SM clip 1.wav.mp3,clip 1,,,
SM,P1SM,IW - P1SM clip 2.wav.mp3,clip 2,,,
SM,P1SM,IW - P1SM clip 3.wav.mp3,clip 3,,,
SM,P1SM,IW - P1SM clip 4.wav.mp3,clip 4,,,
SM,P1SM,IW - P1SM clip 5.wav.mp3,clip 5,,,
SM,P1SM,IW - P1SM clip 6.wav.mp3,clip 6,,,
SM,P1SM,IW - P1SM clip 7.wav.mp3,clip 7,,,
VA,P1VA,IW - P1VA clip 1.wav.mp3,clip 1,,,
VA,P1VA,IW - P1VA clip 10.wav.mp3,clip 10,,,
VA,P1VA,IW - P1VA clip 2.wav.mp3,clip 2,,,
VA,P1VA,IW - P1VA clip 3.wav.mp3,clip 3,,,
VA,P1VA,IW - P1VA clip 4.wav.mp3,clip 4,,,
VA,P1VA,IW - P1VA clip 5.wav.mp3,clip 5,,,
VA,P1VA,IW - P1VA clip 6.wav.mp3,clip 6,,,
VA,P1VA,IW - P1VA clip 7.wav.mp3,clip 7,,,
VA,P1VA,IW - P1VA clip 8.wav.mp3,clip 8,,,
VA,P1VA,IW - P1VA clip 9.wav.mp3,clip 9,,,
MA,P20MA,IW - P20MA clip 1.wav.mp3,clip 1,,,
MA,P20MA,IW - P20MA clip 10.wav.mp3,clip 10,,,
MA,P20MA,IW - P20MA clip 11.wav.mp3,clip 11,,,
MA,P20MA,IW - P20MA clip 12.wav.mp3,clip 12,,,
MA,P20MA,IW - P20MA clip 13.wav.mp3,clip 13,,,
MA,P20MA,IW - P20MA clip 14.wav.mp3,clip 14,,,
MA,P20MA,IW - P20MA clip 2.wav.mp3,clip 2,,,
MA,P20MA,IW - P20MA clip 3.wav.mp3,clip 3,,,
MA,P20MA,IW - P20MA clip 4.wav.mp3,clip 4,,,
MA,P20MA,IW - P20MA clip 5.wav.mp3,clip 5,,,
MA,P20MA,IW - P20MA clip 6.wav.mp3,clip 6,,,
MA,P20MA,IW - P20MA clip 7.wav.mp3,clip 7,,,
MA,P20MA,IW - P20MA clip 8.wav.mp3,clip 8,,,
MA,P20MA,IW - P20MA clip 9.wav.mp3,clip 9,,,
BO,P2BO,IW-P2BO clip 1.wav.mp3,clip 1,,,
BO,P2BO,IW-P2BO clip 10.wav.mp3,clip 10,,,
BO,P2BO,IW-P2BO clip 11.wav.mp3,clip 11,,,
BO,P2BO,IW-P2BO clip 12.wav.mp3,clip 12,,,
BO,P2BO,IW-P2BO clip 13.wav.mp3,clip 13,,,
BO,P2BO,IW-P2BO clip 14.wav.mp3,clip 14,,,
BO,P2BO,IW-P2BO clip 15.wav.mp3,clip 15,,,
BO,P2BO,IW-P2BO clip 2.wav.mp3,clip 2,,,
BO,P2BO,IW-P2BO clip 3.wav.mp3,clip 3,,,
BO,P2BO,IW-P2BO clip 4.wav.mp3,clip 4,,,
BO,P2BO,IW-P2BO clip 5.wav.mp3,clip 5,,,
BO,P2BO,IW-P2BO clip 6.wav.mp3,clip 6,,,
BO,P2BO,IW-P2BO clip 7.wav.mp3,clip 7,,,
BO,P2BO,IW-P2BO clip 8.wav.mp3,clip 8,,,
BO,P2BO,IW-P2BO clip 9.wav.mp3,clip 9,,,
CA,P2CA,IW - P2CA - clip 1.wav.mp3,clip 1,,,
CA,P2CA,IW - P2CA - clip 10.wav.mp3,clip 10,,,
CA,P2CA,IW - P2CA - clip 11.wav.mp3,clip 11,,,
CA,P2CA,IW - P2CA - clip 12.wav.mp3,clip 12,,,
CA,P2CA,IW - P2CA - clip 2.wav.mp3,clip 2,,,
CA,P2CA,IW - P2CA - clip 3.wav.mp3,clip 3,,,
CA,P2CA,IW - P2CA - clip 4.wav.mp3,clip 4,,,
CA,P2CA,IW - P2CA - clip 5.wav.mp3,clip 5,,,
CA,P2CA,IW - P2CA - clip 6.wav.mp3,clip 6,,,
CA,P2CA,IW - P2CA - clip 7.wav.mp3,clip 7,,,
CA,P2CA,IW - P2CA - clip 8.wav.mp3,clip 8,,,
CA,P2CA,IW - P2CA - clip 9.wav.mp3,clip 9,,,
CL,P2CL,IW-P2CL clip 1.wav.mp3,clip 1,,,
CL,P2CL,IW-P2CL clip 10.wav.mp3,clip 10,,,
CL,P2CL,IW-P2CL clip 11.wav.mp3,clip 11,,,
CL,P2CL,IW-P2CL clip 12.wav.mp3,clip 12,,,
CL,P2CL,IW-P2CL clip 13.wav.mp3,clip 13,,,
CL,P2CL,IW-P2CL clip 14.wav.mp3,clip 14,,,
CL,P2CL,IW-P2CL clip 15.wav.mp3,clip 15,,,
CL,P2CL,IW-P2CL clip 16.wav.mp3,clip 16,,,
CL,P2CL,IW-P2CL clip 17.wav.mp3,clip 17,,,
CL,P2CL,IW-P2CL clip 2.wav.mp3,clip 2,,,
CL,P2CL,IW-P2CL clip 3.wav.mp3,clip 3,,,
CL,P2CL,IW-P2CL clip 4.wav.mp3,clip 4,,,
CL,P2CL,IW-P2CL clip 5.wav.mp3,clip 5,,,
CL,P2CL,IW-P2CL clip 6.wav.mp3,clip 6,,,
CL,P2CL,IW-P2CL clip 7.wav.mp3,clip 7,,,
CL,P2CL,IW-P2CL clip 8.wav.mp3,clip 8,,,
CL,P2CL,IW-P2CL clip 9.wav.mp3,clip 9,,,
MA,P2MA,IW - P2MA clip 1.wav.mp3,clip 1,,,
MA,P2MA,IW - P2MA clip 10.wav.mp3,clip 10,,,
MA,P2MA,IW - P2MA clip 11.wav.mp3,clip 11,,,
MA,P2MA,IW - P2MA clip 12.wav.mp3,clip 12,,,
MA,P2MA,IW - P2MA clip 13.wav.mp3,clip 13,,,
MA,P2MA,IW - P2MA clip 14.wav.mp3,clip 14,,,
MA,P2MA,IW - P2MA clip 15.wav.mp3,clip 15,,,
MA,P2MA,IW - P2MA clip 16.wav.mp3,clip 16,,,
MA,P2MA,IW - P2MA clip 2.wav.mp3,clip 2,,,
MA,P2MA,IW - P2MA clip 3.wav.mp3,clip 3,,,
MA,P2MA,IW - P2MA clip 4.wav.mp3,clip 4,,,
MA,P2MA,IW - P2MA clip 5.wav.mp3,clip 5,,,
MA,P2MA,IW - P2MA clip 6.wav.mp3,clip 6,,,
MA,P2MA,IW - P2MA clip 7.wav.mp3,clip 7,,,
MA,P2MA,IW - P2MA clip 8.wav.mp3,clip 8,,,
MA,P2MA,IW - P2MA clip 9.wav.mp3,clip 9,,,
ME,P2ME,IW - P2ME clip 1.wav.mp3,clip 1,,,
ME,P2ME,IW - P2ME clip 10.wav.mp3,clip 10,,,
ME,P2ME,IW - P2ME clip 11.wav.mp3,clip 11,,,
ME,P2ME,IW - P2ME clip 12.wav.mp3,clip 12,,,
ME,P2ME,IW - P2ME clip 13.wav.mp3,clip 13,,,
ME,P2ME,IW - P2ME clip 14.wav.mp3,clip 14,,,
ME,P2ME,IW - P2ME clip 15.wav.mp3,clip 15,,,
ME,P2ME,IW - P2ME clip 16.wav.mp3,clip 16,,,
ME,P2ME,IW - P2ME clip 17.wav.mp3,clip 17,,,
ME,P2ME,IW - P2ME clip 18.wav.mp3,clip 18,,,
ME,P2ME,IW - P2ME clip 19.wav.mp3,clip 19,,,
ME,P2ME,IW - P2ME clip 2.wav.mp3,clip 2,,,
ME,P2ME,IW - P2ME clip 20.wav.mp3,clip 20,,,
ME,P2ME,IW - P2ME clip 3.wav.mp3,clip 3,,,
ME,P2ME,IW - P2ME clip 4.wav.mp3,clip 4,,,
ME,P2ME,IW - P2ME clip 5.wav.mp3,clip 5,,,
ME,P2ME,IW - P2ME clip 6.wav.mp3,clip 6,,,
ME,P2ME,IW - P2ME clip 7.wav.mp3,clip 7,,,
ME,P2ME,IW - P2ME clip 8.wav.mp3,clip 8,,,
ME,P2ME,IW - P2ME clip 9.wav.mp3,clip 9,,,
SM,P2SM,IW - P2SM clip 1.wav.mp3,clip 1,,,
SM,P2SM,IW - P2SM clip 10.wav.mp3,clip 10,,,
SM,P2SM,IW - P2SM clip 2.wav.mp3,clip 2,,,
SM,P2SM,IW - P2SM clip 3.wav.mp3,clip 3,,,
SM,P2SM,IW - P2SM clip 4.wav.mp3,clip 4,,,
SM,P2SM,IW - P2SM clip 5.wav.mp3,clip 5,,,
SM,P2SM,IW - P2SM clip 6.wav.mp3,clip 6,,,
SM,P2SM,IW - P2SM clip 7.wav.mp3,clip 7,,,
SM,P2SM,IW - P2SM clip 8.wav.mp3,clip 8,,,
SM,P2SM,IW - P2SM clip 9.wav.mp3,clip 9,,,
VA,P2VA,IW - P2VA clip 1.wav.mp3,clip 1,,,
VA,P2VA,IW - P2VA clip 10.wav.mp3,clip 10,,,
VA,P2VA,IW - P2VA clip 2.wav.mp3,clip 2,,,
VA,P2VA,IW - P2VA clip 3.wav.mp3,clip 3,,,
VA,P2VA,IW - P2VA clip 4.wav.mp3,clip 4,,,
VA,P2VA,IW - P2VA clip 5.wav.mp3,clip 5,,,
VA,P2VA,IW - P2VA clip 6.wav.mp3,clip 6,,,
VA,P2VA,IW - P2VA clip 7.wav.mp3,clip 7,,,
VA,P2VA,IW - P2VA clip 8.wav.mp3,clip 8,,,
VA,P2VA,IW - P2VA clip 9.wav.mp3,clip 9,,,
BO,P3BO,IW-P3BO clip 1.wav.mp3,clip 1,,,
BO,P3BO,IW-P3BO clip 10.wav.mp3,clip 10,,,
BO,P3BO,IW-P3BO clip 11.wav.mp3,clip 11,,,
BO,P3BO,IW-P3BO clip 12.wav.mp3,clip 12,,,
BO,P3BO,IW-P3BO clip 13.wav.mp3,clip 13,,,
BO,P3BO,IW-P3BO clip 14.wav.mp3,clip 14,,,
BO,P3BO,IW-P3BO clip 15.wav.mp3,clip 15,,,
BO,P3BO,IW-P3BO clip 2.wav.mp3,clip 2,,,
BO,P3BO,IW-P3BO clip 3.wav.mp3,clip 3,,,
BO,P3BO,IW-P3BO clip 4.wav.mp3,clip 4,,,
BO,P3BO,IW-P3BO clip 5.wav.mp3,clip 5,,,
BO,P3BO,IW-P3BO clip 6.wav.mp3,clip 6,,,
BO,P3BO,IW-P3BO clip 7.wav.mp3,clip 7,,,
BO,P3BO,IW-P3BO clip 8.wav.mp3,clip 8,,,
BO,P3BO,IW-P3BO clip 9.wav.mp3,clip 9,,,
CA,P3CA,IW - P3CA - clip 1.wav.mp3,clip 1,,,
CA,P3CA,IW - P3CA - clip 10.wav.mp3,clip 10,,,
CA,P3CA,IW - P3CA - clip 11.wav.mp3,clip 11,,,
CA,P3CA,IW - P3CA - clip 2.wav.mp3,clip 2,,,
CA,P3CA,IW - P3CA - clip 3.wav.mp3,clip 3,,,
CA,P3CA,IW - P3CA - clip 4.wav.mp3,clip 4,,,
CA,P3CA,IW - P3CA - clip 5.wav.mp3,clip 5,,,
CA,P3CA,IW - P3CA - clip 6.wav.mp3,clip 6,,,
CA,P3CA,IW - P3CA - clip 7.wav.mp3,clip 7,,,
CA,P3CA,IW - P3CA - clip 8.wav.mp3,clip 8,,,
CA,P3CA,IW - P3CA - clip 9.wav.mp3,clip 9,,,
CL,P3CL,IW-P3CL clip 1.wav.mp3,clip 1,,,
CL,P3CL,IW-P3CL clip 10.wav.mp3,clip 10,,,
CL,P3CL,IW-P3CL clip 11.wav.mp3,clip 11,,,
CL,P3CL,IW-P3CL clip 12.wav.mp3,clip 12,,,
CL,P3CL,IW-P3CL clip 13.wav.mp3,clip 13,,,
CL,P3CL,IW-P3CL clip 14.wav.mp3,clip 14,,,
CL,P3CL,IW-P3CL clip 2.wav.mp3,clip 2,,,
CL,P3CL,IW-P3CL clip 3.wav.mp3,clip 3,,,
CL,P3CL,IW-P3CL clip 4.wav.mp3,clip 4,,,
CL,P3CL,IW-P3CL clip 5.wav.mp3,clip 5,,,
CL,P3CL,IW-P3CL clip 6.wav.mp3,clip 6,,,
CL,P3CL,IW-P3CL clip 7.wav.mp3,clip 7,,,
CL,P3CL,IW-P3CL clip 8.wav.mp3,clip 8,,,
CL,P3CL,IW-P3CL clip 9.wav.mp3,clip 9,,,
MA,P3MA,IW - P3MA clip 1.wav.mp3,clip 1,,,
MA,P3MA,IW - P3MA clip 10.wav.mp3,clip 10,,,
MA,P3MA,IW - P3MA clip 11.wav.mp3,clip 11,,,
MA,P3MA,IW - P3MA clip 12.wav.mp3,clip 12,,,
MA,P3MA,IW - P3MA clip 13.wav.mp3,clip 13,,,
MA,P3MA,IW - P3MA clip 14.wav.mp3,clip 14,,,
MA,P3MA,IW - P3MA clip 15.wav.mp3,clip 15,,,
MA,P3MA,IW - P3MA clip 2.wav.mp3,clip 2,,,
MA,P3MA,IW - P3MA clip 3.wav.mp3,clip 3,,,
MA,P3MA,IW - P3MA clip 4.wav.mp3,clip 4,,,
MA,P3MA,IW - P3MA clip 5.wav.mp3,clip 5,,,
MA,P3MA,IW - P3MA clip 6.wav.mp3,clip 6,,,
MA,P3MA,IW - P3MA clip 7.wav.mp3,clip 7,,,
MA,P3MA,IW - P3MA clip 8.wav.mp3,clip 8,,,
MA,P3MA,IW - P3MA clip 9.wav.mp3,clip 9,,,
ME,P3ME,IW - P3ME clip 1.wav.mp3,clip 1,,,
ME,P3ME,IW - P3ME clip 10.wav.mp3,clip 10,,,
ME,P3ME,IW - P3ME clip 11.wav.mp3,clip 11,,,
ME,P3ME,IW - P3ME clip 12.wav.mp3,clip 12,,,
ME,P3ME,IW - P3ME clip 13.wav.mp3,clip 13,,,
ME,P3ME,IW - P3ME clip 14.wav.mp3,clip 14,,,
ME,P3ME,IW - P3ME clip 15.wav.mp3,clip 15,,,
ME,P3ME,IW - P3ME clip 16.wav.mp3,clip 16,,,
ME,P3ME,IW - P3ME clip 17.wav.mp3,clip 17,,,
ME,P3ME,IW - P3ME clip 18.wav.mp3,clip 18,,,
ME,P3ME,IW - P3ME clip 19.wav.mp3,clip 19,,,
ME,P3ME,IW - P3ME clip 2.wav.mp3,clip 2,,,
ME,P3ME,IW - P3ME clip 20.wav.mp3,clip 20,,,
ME,P3ME,IW - P3ME clip 21.wav.mp3,clip 21,,,
ME,P3ME,IW - P3ME clip 22.wav.mp3,clip 22,,,
ME,P3ME,IW - P3ME clip 23.wav.mp3,clip 23,,,
ME,P3ME,IW - P3ME clip 24.wav.mp3,clip 24,,,
ME,P3ME,IW - P3ME clip 25.wav.mp3,clip 25,,,
ME,P3ME,IW - P3ME clip 26.wav.mp3,clip 26,,,
ME,P3ME,IW - P3ME clip  27.wav.mp3,clip 27,,,
ME,P3ME,IW - P3ME clip 28.wav.mp3,clip 28,,,
ME,P3ME,IW - P3ME clip 29.wav.mp3,clip 29,,,
ME,P3ME,IW - P3ME clip 3.wav.mp3,clip 3,,,
ME,P3ME,IW - P3ME clip 30.wav.mp3,clip 30,,,
ME,P3ME,IW - P3ME clip 31.wav.mp3,clip 31,,,
ME,P3ME,IW - P3ME clip 32.wav.mp3,clip 32,,,
ME,P3ME,IW - P3ME clip 33.wav.mp3,clip 33,,,
ME,P3ME,IW - P3ME clip 4.wav.mp3,clip 4,,,
ME,P3ME,IW - P3ME clip 5.wav.mp3,clip 5,,,
ME,P3ME,IW - P3ME clip 6.wav.mp3,clip 6,,,
ME,P3ME,IW - P3ME clip 7.wav.mp3,clip 7,,,
ME,P3ME,IW - P3ME clip 8.wav.mp3,clip 8,,,
ME,P3ME,IW - P3ME clip 9.wav.mp3,clip 9,,,
SM,P3SM,IW - P3SM clip 1.wav.mp3,clip 1,,,
SM,P3SM,IW - P3SM clip 2.wav.mp3,clip 2,,,
SM,P3SM,IW - P3SM clip 3.wav.mp3,clip 3,,,
SM,P3SM,IW - P3SM clip 4.wav.mp3,clip 4,,,
SM,P3SM,IW - P3SM clip 5.wav.mp3,clip 5,,,
SM,P3SM,IW - P3SM clip 6.wav.mp3,clip 6,,,
SM,P3SM,IW - P3SM clip 7.wav.mp3,clip 7,,,
SM,P3SM,IW - P3SM clip 8.wav.mp3,clip 8,,,
VA,P3VA,IW - P3VA clip 1.wav.mp3,clip 1,,,
VA,P3VA,IW - P3VA clip 10.wav.mp3,clip 10,,,
VA,P3VA,IW - P3VA clip 2.wav.mp3,clip 2,,,
VA,P3VA,IW - P3VA clip 3.wav.mp3,clip 3,,,
VA,P3VA,IW - P3VA clip 4.wav.mp3,clip 4,,,
VA,P3VA,IW - P3VA clip 5.wav.mp3,clip 5,,,
VA,P3VA,IW - P3VA clip 6.wav.mp3,clip 6,,,
VA,P3VA,IW - P3VA clip 7.wav.mp3,clip 7,,,
VA,P3VA,IW - P3VA clip 8.wav.mp3,clip 8,,,
VA,P3VA,IW - P3VA clip 9.wav.mp3,clip 9,,,
BO,P4BO,IW - P4BO clip 1.wav.mp3,clip 1,,,
BO,P4BO,IW - P4BO clip 10.wav.mp3,clip 10,,,
BO,P4BO,IW - P4BO clip 11.wav.mp3,clip 11,,,
BO,P4BO,IW - P4BO clip 12.wav.mp3,clip 12,,,
BO,P4BO,IW - P4BO clip 13.wav.mp3,clip 13,,,
BO,P4BO,IW - P4BO clip 2.wav.mp3,clip 2,,,
BO,P4BO,IW - P4BO clip 3.wav.mp3,clip 3,,,
BO,P4BO,IW - P4BO clip 4.wav.mp3,clip 4,,,
BO,P4BO,IW - P4BO clip 5.wav.mp3,clip 5,,,
BO,P4BO,IW - P4BO clip 6.wav.mp3,clip 6,,,
BO,P4BO,IW - P4BO clip 7.wav.mp3,clip 7,,,
BO,P4BO,IW - P4BO clip 8.wav.mp3,clip 8,,,
BO,P4BO,IW - P4BO clip 9.wav.mp3,clip 9,,,
CA,P4CA,IW - P4CA - clip 1.wav.mp3,clip 1,,,
CA,P4CA,IW - P4CA - clip 2.wav.mp3,clip 2,,,
CA,P4CA,IW - P4CA - clip 3.wav.mp3,clip 3,,,
CA,P4CA,IW - P4CA - clip 4.wav.mp3,clip 4,,,
CA,P4CA,IW - P4CA - clip 5.wav.mp3,clip 5,,,
CA,P4CA,IW - P4CA - clip 6.wav.mp3,clip 6,,,
CA,P4CA,IW - P4CA - clip 7 .wav.mp3,clip 7,,,
CA,P4CA,IW - P4CA - clip 8.wav.mp3,clip 8,,,
CA,P4CA,IW - P4CA - clip 9.wav.mp3,clip 9,,,
CL,P4CL,IW-P4CL clip 1.wav.mp3,clip 1,,,
CL,P4CL,IW-P4CL clip 10.wav.mp3,clip 10,,,
CL,P4CL,IW-P4CL clip 11.wav.mp3,clip 11,,,
CL,P4CL,IW-P4CL clip 2.wav.mp3,clip 2,,,
CL,P4CL,IW-P4CL clip 3.wav.mp3,clip 3,,,
CL,P4CL,IW-P4CL clip 4.wav.mp3,clip 4,,,
CL,P4CL,IW-P4CL clip 5.wav.mp3,clip 5,,,
CL,P4CL,IW-P4CL clip 6.wav.mp3,clip 6,,,
CL,P4CL,IW-P4CL clip 7.wav.mp3,clip 7,,,
CL,P4CL,IW-P4CL clip 8.wav.mp3,clip 8,,,
CL,P4CL,IW-P4CL clip 9.wav.mp3,clip 9,,,
MA,P4MA,IW - P4MA clip 1.wav.mp3,clip 1,,,
MA,P4MA,IW - P4MA clip 10.wav.mp3,clip 10,,,
MA,P4MA,IW - P4MA clip 2.wav.mp3,clip 2,,,
MA,P4MA,IW - P4MA clip 3.wav.mp3,clip 3,,,
MA,P4MA,IW - P4MA clip 4.wav.mp3,clip 4,,,
MA,P4MA,IW - P4MA clip 5.wav.mp3,clip 5,,,
MA,P4MA,IW - P4MA clip 6.wav.mp3,clip 6,,,
MA,P4MA,IW - P4MA clip 7.wav.mp3,clip 7,,,
MA,P4MA,IW - P4MA clip 8.wav.mp3,clip 8,,,
MA,P4MA,IW - P4MA clip 9.wav.mp3,clip 9,,,
ME,P4ME,IW-P4ME.wav.mp3,clip,,,
ME,P4ME,IW-P4ME clip 1.wav.mp3,clip 1,,,
ME,P4ME,IW-P4ME clip 2.wav.mp3,clip 2,,,
ME,P4ME,IW-P4ME clip 3.wav.mp3,clip 3,,,
ME,P4ME,IW-P4ME clip 4.wav.mp3,clip 4,,,
ME,P4ME,IW-P4ME clip 6.wav.mp3,clip 6,,,
ME,P4ME,IW-P4ME clip 7.wav.mp3,clip 7,,,
p1,P4MEClip1,IW - P4ME Clip 1.wav.mp3,clip,,,
al,P4MEOriginal,IW - P4ME Original.wav.mp3,clip,,,
SM,P4SM,IW - P4SM clip 1.wav.mp3,clip 1,,,
SM,P4SM,IW - P4SM clip 10.wav.mp3,clip 10,,,
SM,P4SM,IW - P4SM clip 11.wav.mp3,clip 11,,,
SM,P4SM,IW - P4SM clip 12.wav.mp3,clip 12,,,
SM,P4SM,IW - P4SM clip 2.wav.mp3,clip 2,,,
SM,P4SM,IW - P4SM clip 3.wav.mp3,clip 3,,,
SM,P4SM,IW - P4SM clip 4.wav.mp3,clip 4,,,
SM,P4SM,IW - P4SM clip 5.wav.mp3,clip 5,,,
SM,P4SM,IW - P4SM clip 6.wav.mp3,clip 6,,,
SM,P4SM,IW - P4SM clip 7.wav.mp3,clip 7,,,
SM,P4SM,IW - P4SM clip 8.wav.mp3,clip 8,,,
SM,P4SM,IW - P4SM clip 9.wav.mp3,clip 9,,,
VA,P4VA,IW - P4VA clip 1.wav.mp3,clip 1,,,
VA,P4VA,IW - P4VA clip 10.wav.mp3,clip 10,,,
VA,P4VA,IW - P4VA clip 11.wav.mp3,clip 11,,,
VA,P4VA,IW - P4VA clip 12.wav.mp3,clip 12,,,
VA,P4VA,IW - P4VA clip 13.wav.mp3,clip 13,,,
VA,P4VA,IW - P4VA clip 14.wav.mp3,clip 14,,,
VA,P4VA,IW - P4VA clip 15.wav.mp3,clip 15,,,
VA,P4VA,IW - P4VA clip 2.wav.mp3,clip 2,,,
VA,P4VA,IW - P4VA clip 3.wav.mp3,clip 3,,,
VA,P4VA,IW - P4VA clip 4.wav.mp3,clip 4,,,
VA,P4VA,IW - P4VA clip 5.wav.mp3,clip 5,,,
VA,P4VA,IW - P4VA clip 6.wav.mp3,clip 6,,,
VA,P4VA,IW - P4VA clip 7.wav.mp3,clip 7,,,
VA,P4VA,IW - P4VA clip 8.wav.mp3,clip 8,,,
VA,P4VA,IW - P4VA clip 9.wav.mp3,clip 9,,,
BO,P5BO,IW - P5BO clip 1.wav.mp3,clip 1,,,
BO,P5BO,IW - P5BO clip 10.wav.mp3,clip 10,,,
BO,P5BO,IW - P5BO clip 2.wav.mp3,clip 2,,,
BO,P5BO,IW - P5BO clip 3.wav.mp3,clip 3,,,
BO,P5BO,IW - P5BO clip 4.wav.mp3,clip 4,,,
BO,P5BO,IW - P5BO clip 5.wav.mp3,clip 5,,,
BO,P5BO,IW - P5BO clip 6.wav.mp3,clip 6,,,
BO,P5BO,IW - P5BO clip 7.wav.mp3,clip 7,,,
BO,P5BO,IW - P5BO clip 8.wav.mp3,clip 8,,,
BO,P5BO,IW - P5BO clip 9.wav.mp3,clip 9,,,
CA,P5CA,IW - P5CA - clip 1.wav.mp3,clip 1,,,
CA,P5CA,IW - P5CA - clip 10.wav.mp3,clip 10,,,
CA,P5CA,IW - P5CA - clip 11.wav.mp3,clip 11,,,
CA,P5CA,IW - P5CA - clip 2.wav.mp3,clip 2,,,
CA,P5CA,IW - P5CA - clip 3.wav.mp3,clip 3,,,
CA,P5CA,IW - P5CA - clip 4.wav.mp3,clip 4,,,
CA,P5CA,IW - P5CA - clip 5.wav.mp3,clip 5,,,
CA,P5CA,IW - P5CA - clip 6.wav.mp3,clip 6,,,
CA,P5CA,IW - P5CA - clip 7.wav.mp3,clip 7,,,
CA,P5CA,IW - P5CA - clip 8.wav.mp3,clip 8,,,
CA,P5CA,IW - P5CA - clip 9.wav.mp3,clip 9,,,
CL,P5CL,IW-P5CL clip 1.wav.mp3,clip 1,,,
CL,P5CL,IW-P5CL clip 10.wav.mp3,clip 10,,,
CL,P5CL,IW-P5CL clip 11.wav.mp3,clip 11,,,
CL,P5CL,IW-P5CL clip 2.wav.mp3,clip 2,,,
CL,P5CL,IW-P5CL clip 3.wav.mp3,clip 3,,,
CL,P5CL,IW-P5CL clip 4.wav.mp3,clip 4,,,
CL,P5CL,IW-P5CL clip 5.wav.mp3,clip 5,,,
CL,P5CL,IW-P5CL clip 6.wav.mp3,clip 6,,,
CL,P5CL,IW-P5CL clip 7.wav.mp3,clip 7,,,
CL,P5CL,IW-P5CL clip 8.wav.mp3,clip 8,,,
CL,P5CL,IW-P5CL clip 9.wav.mp3,clip 9,,,
MA,P5MA,IW - P5MA clip 1.wav.mp3,clip 1,,,
MA,P5MA,IW - P5MA clip 10.wav.mp3,clip 10,,,
MA,P5MA,IW - P5MA clip 2.wav.mp3,clip 2,,,
MA,P5MA,IW - P5MA clip 3.wav.mp3,clip 3,,,
MA,P5MA,IW - P5MA clip 4.wav.mp3,clip 4,,,
MA,P5MA,IW - P5MA clip 5.wav.mp3,clip 5,,,
MA,P5MA,IW - P5MA clip 6.wav.mp3,clip 6,,,
MA,P5MA,IW - P5MA clip 7.wav.mp3,clip 7,,,
MA,P5MA,IW - P5MA clip 8.wav.mp3,clip 8,,,
MA,P5MA,IW - P5MA clip 9.wav.mp3,clip 9,,,
ME,P5ME,IW - P5ME clip 1 .wav.mp3,clip 1,,,
ME,P5ME,IW - P5ME clip 10.wav.mp3,clip 10,,,
ME,P5ME,IW - P5ME clip 11.wav.mp3,clip 11,,,
ME,P5ME,IW - P5ME clip 12.wav.mp3,clip 12,,,
ME,P5ME,IW - P5ME clip 13.wav.mp3,clip 13,,,
ME,P5ME,IW - P5ME clip 14.wav.mp3,clip 14,,,
ME,P5ME,IW - P5ME clip 15.wav.mp3,clip 15,,,
ME,P5ME,IW - P5ME clip 16.wav.mp3,clip 16,,,
ME,P5ME,IW - P5ME clip 17.wav.mp3,clip 17,,,
ME,P5ME,IW - P5ME clip 2.wav.mp3,clip 2,,,
ME,P5ME,IW - P5ME clip 3.wav.mp3,clip 3,,,
ME,P5ME,IW - P5ME clip 4.wav.mp3,clip 4,,,
ME,P5ME,IW - P5ME clip  5 .wav.mp3,clip 5,,,
ME,P5ME,IW - P5ME clip 6 .wav.mp3,clip 6,,,
ME,P5ME,IW - P5ME clip 7.wav.mp3,clip 7,,,
ME,P5ME,IW - P5ME clip 8.wav.mp3,clip 8,,,
ME,P5ME,IW - P5ME clip 9 .wav.mp3,clip 9,,,
SM,P5SM,IW - P5SM clip 1.wav.mp3,clip 1,,,
SM,P5SM,IW - P5SM clip 2.wav.mp3,clip 2,,,
SM,P5SM,IW - P5SM clip 3.wav.mp3,clip 3,,,
SM,P5SM,IW - P5SM clip 4.wav.mp3,clip 4,,,
SM,P5SM,IW - P5SM clip 5.wav.mp3,clip 5,,,
SM,P5SM,IW - P5SM clip 6.wav.mp3,clip 6,,,
SM,P5SM,IW - P5SM clip 7.wav.mp3,clip 7,,,
SM,P5SM,IW - P5SM clip 8.wav.mp3,clip 8,,,
SM,P5SM,IW - P5SM clip 9.wav.mp3,clip 9,,,
VA,P5VA,IW - P5VA clip 1.wav.mp3,clip 1,,,
VA,P5VA,IW - P5VA clip 2.wav.mp3,clip 2,,,
VA,P5VA,IW - P5VA clip 3.wav.mp3,clip 3,,,
VA,P5VA,IW - P5VA clip 4.wav.mp3,clip 4,,,
VA,P5VA,IW - P5VA clip 5.wav.mp3,clip 5,,,
VA,P5VA,IW - P5VA clip 6.wav.mp3,clip 6,,,
VA,P5VA,IW - P5VA clip 7.wav.mp3,clip 7,,,
VA,P5VA,IW - P5VA clip 8.wav.mp3,clip 8,,,
BO,P6BO,IW - P6BO clip 1.wav.mp3,clip 1,,,
BO,P6BO,IW - P6BO clip 2.wav.mp3,clip 2,,,
BO,P6BO,IW - P6BO clip 3.wav.mp3,clip 3,,,
BO,P6BO,IW - P6BO clip 4.wav.mp3,clip 4,,,
BO,P6BO,IW - P6BO clip 5.wav.mp3,clip 5,,,
BO,P6BO,IW - P6BO clip 6.wav.mp3,clip 6,,,
CA,P6CA,IW - P6CA - clip 1.wav.mp3,clip 1,,,
CA,P6CA,IW - P6CA - clip 10.wav.mp3,clip 10,,,
CA,P6CA,IW - P6CA - clip 11.wav.mp3,clip 11,,,
CA,P6CA,IW - P6CA - clip 12.wav.mp3,clip 12,,,
CA,P6CA,IW - P6CA - clip 13.wav.mp3,clip 13,,,
CA,P6CA,IW - P6CA - clip 2.wav.mp3,clip 2,,,
CA,P6CA,IW - P6CA - clip 3.wav.mp3,clip 3,,,
CA,P6CA,IW - P6CA - clip 4.wav.mp3,clip 4,,,
CA,P6CA,IW - P6CA - clip 5.wav.mp3,clip 5,,,
CA,P6CA,IW - P6CA - clip 6.wav.mp3,clip 6,,,
CA,P6CA,IW - P6CA - clip 7.wav.mp3,clip 7,,,
CA,P6CA,IW - P6CA - clip 8.wav.mp3,clip 8,,,
CA,P6CA,IW - P6CA - clip 9.wav.mp3,clip 9,,,
CL,P6CL,IW-P6CL clip 1.wav.mp3,clip 1,,,
CL,P6CL,IW-P6CL clip 10.wav.mp3,clip 10,,,
CL,P6CL,IW-P6CL clip 2.wav.mp3,clip 2,,,
CL,P6CL,IW-P6CL clip 3.wav.mp3,clip 3,,,
CL,P6CL,IW-P6CL clip 4.wav.mp3,clip 4,,,
CL,P6CL,IW-P6CL clip 5.wav.mp3,clip 5,,,
CL,P6CL,IW-P6CL clip 6.wav.mp3,clip 6,,,
CL,P6CL,IW-P6CL clip 7.wav.mp3,clip 7,,,
CL,P6CL,IW-P6CL clip 8.wav.mp3,clip 8,,,
CL,P6CL,IW-P6CL clip 9.wav.mp3,clip 9,,,
MA,P6MA,IW - P6MA clip 1.wav.mp3,clip 1,,,
MA,P6MA,IW - P6MA clip 10.wav.mp3,clip 10,,,
MA,P6MA,IW - P6MA clip 11.wav.mp3,clip 11,,,
MA,P6MA,IW - P6MA clip 2.wav.mp3,clip 2,,,
MA,P6MA,IW - P6MA clip 3.wav.mp3,clip 3,,,
MA,P6MA,IW - P6MA clip 4.wav.mp3,clip 4,,,
MA,P6MA,IW - P6MA clip 5.wav.mp3,clip 5,,,
MA,P6MA,IW - P6MA clip 6.wav.mp3,clip 6,,,
MA,P6MA,IW - P6MA clip 7.wav.mp3,clip 7,,,
MA,P6MA,IW - P6MA clip 8.wav.mp3,clip 8,,,
MA,P6MA,IW - P6MA clip 9.wav.mp3,clip 9,,,
ME,P6ME,IW - P6ME clip 1.wav.mp3,clip 1,,,
ME,P6ME,IW - P6ME clip 10.wav.mp3,clip 10,,,
ME,P6ME,IW - P6ME clip 11.wav.mp3,clip 11,,,
ME,P6ME,IW - P6ME clip 12.wav.mp3,clip 12,,,
ME,P6ME,IW - P6ME clip 13.wav.mp3,clip 13,,,
ME,P6ME,IW - P6ME clip 14.wav.mp3,clip 14,,,
ME,P6ME,IW - P6ME clip 2.wav.mp3,clip 2,,,
ME,P6ME,IW - P6ME clip 3.wav.mp3,clip 3,,,
ME,P6ME,IW - P6ME clip 4.wav.mp3,clip 4,,,
ME,P6ME,IW - P6ME clip 5.wav.mp3,clip 5,,,
ME,P6ME,IW - P6ME clip 6.wav.mp3,clip 6,,,
ME,P6ME,IW - P6ME clip 7.wav.mp3,clip 7,,,
ME,P6ME,IW - P6ME clip 8.wav.mp3,clip 8,,,
ME,P6ME,IW - P6ME clip 9.wav.mp3,clip 9,,,
SM,P6SM,IW - P6SM clip 1.wav.mp3,clip 1,,,
SM,P6SM,IW - P6SM clip 2.wav.mp3,clip 2,,,
SM,P6SM,IW - P6SM clip 3.wav.mp3,clip 3,,,
SM,P6SM,IW - P6SM clip 4.wav.mp3,clip 4,,,
SM,P6SM,IW - P6SM clip 5.wav.mp3,clip 5,,,
VA,P6VA,IW - P6VA clip 1.wav.mp3,clip 1,,,
VA,P6VA,IW - P6VA clip 10.wav.mp3,clip 10,,,
VA,P6VA,IW - P6VA clip 2.wav.mp3,clip 2,,,
VA,P6VA,IW - P6VA clip 3.wav.mp3,clip 3,,,
VA,P6VA,IW - P6VA clip 4.wav.mp3,clip 4,,,
VA,P6VA,IW - P6VA clip 5.wav.mp3,clip 5,,,
VA,P6VA,IW - P6VA clip 6.wav.mp3,clip 6,,,
VA,P6VA,IW - P6VA clip 7.wav.mp3,clip 7,,,
VA,P6VA,IW - P6VA clip 8.wav.mp3,clip 8,,,
VA,P6VA,IW - P6VA clip 9.wav.mp3,clip 9,,,
BO,P7BO,IW - P7BO clip 1.wav.mp3,clip 1,,,
BO,P7BO,IW - P7BO clip 2.wav.mp3,clip 2,,,
BO,P7BO,IW - P7BO clip 3.wav.mp3,clip 3,,,
BO,P7BO,IW - P7BO clip 4.wav.mp3,clip 4,,,
BO,P7BO,IW - P7BO clip 5.wav.mp3,clip 5,,,
BO,P7BO,IW - P7BO clip 6.wav.mp3,clip 6,,,
BO,P7BO,IW - P7BO clip 7.wav.mp3,clip 7,,,
BO,P7BO,IW - P7BO clip 8.wav.mp3,clip 8,,,
BO,P7BO,IW - P7BO clip 9.wav.mp3,clip 9,,,
CA,P7CA,IW - P7CA - clip 1.wav.mp3,clip 1,,,
CA,P7CA,IW - P7CA - clip 10.wav.mp3,clip 10,,,
CA,P7CA,IW - P7CA - clip 2.wav.mp3,clip 2,,,
CA,P7CA,IW - P7CA - clip 3.wav.mp3,clip 3,,,
CA,P7CA,IW - P7CA - clip 4.wav.mp3,clip 4,,,
CA,P7CA,IW - P7CA - clip 5.wav.mp3,clip 5,,,
CA,P7CA,IW - P7CA - clip 6 (long).wav.mp3,clip 6(long),,,
CA,P7CA,IW - P7CA - clip 7 (long).wav.mp3,clip 7(long),,,
CA,P7CA,IW - P7CA - clip 8.wav.mp3,clip 8,,,
CA,P7CA,IW - P7CA - clip 9.wav.mp3,clip 9,,,
CL,P7CL,IW-P7CL clip 1.wav.mp3,clip 1,,,
CL,P7CL,IW-P7CL clip 10.wav.mp3,clip 10,,,
CL,P7CL,IW-P7CL clip 11.wav.mp3,clip 11,,,
CL,P7CL,IW-P7CL clip 12.wav.mp3,clip 12,,,
CL,P7CL,IW-P7CL clip 13.wav.mp3,clip 13,,,
CL,P7CL,IW-P7CL clip 14.wav.mp3,clip 14,,,
CL,P7CL,IW-P7CL clip 15.wav.mp3,clip 15,,,
CL,P7CL,IW-P7CL clip 16.wav.mp3,clip 16,,,
CL,P7CL,IW-P7CL clip 17.wav.mp3,clip 17,,,
CL,P7CL,IW-P7CL clip 2.wav.mp3,clip 2,,,
CL,P7CL,IW-P7CL clip 3.wav.mp3,clip 3,,,
CL,P7CL,IW-P7CL clip 4.wav.mp3,clip 4,,,
CL,P7CL,IW-P7CL clip 5.wav.mp3,clip 5,,,
CL,P7CL,IW-P7CL clip 6.wav.mp3,clip 6,,,
CL,P7CL,IW-P7CL clip 7.wav.mp3,clip 7,,,
CL,P7CL,IW-P7CL clip 8.wav.mp3,clip 8,,,
CL,P7CL,IW-P7CL clip 9.wav.mp3,clip 9,,,
MA,P7MA,IW - P7MA clip 1.wav.mp3,clip 1,,,
MA,P7MA,IW - P7MA clip 10.wav.mp3,clip 10,,,
MA,P7MA,IW - P7MA clip 11.wav.mp3,clip 11,,,
MA,P7MA,IW - P7MA clip 12.wav.mp3,clip 12,,,
MA,P7MA,IW - P7MA clip 13.wav.mp3,clip 13,,,
MA,P7MA,IW - P7MA clip 14.wav.mp3,clip 14,,,
MA,P7MA,IW - P7MA clip 15.wav.mp3,clip 15,,,
MA,P7MA,IW - P7MA clip 16.wav.mp3,clip 16,,,
MA,P7MA,IW - P7MA clip 2.wav.mp3,clip 2,,,
MA,P7MA,IW - P7MA clip 3.wav.mp3,clip 3,,,
MA,P7MA,IW - P7MA clip 4.wav.mp3,clip 4,,,
MA,P7MA,IW - P7MA clip 5.wav.mp3,clip 5,,,
MA,P7MA,IW - P7MA clip 6.wav.mp3,clip 6,,,
MA,P7MA,IW - P7MA clip 7.wav.mp3,clip 7,,,
MA,P7MA,IW - P7MA clip 8.wav.mp3,clip 8,,,
MA,P7MA,IW - P7MA clip 9 .wav.mp3,clip 9,,,
ME,P7ME,IW - P7ME clip 1.wav.mp3,clip 1,,,
ME,P7ME,IW - P7ME clip 10.wav.mp3,clip 10,,,
ME,P7ME,IW - P7ME clip 11.wav.mp3,clip 11,,,
ME,P7ME,IW - P7ME clip 12.wav.mp3,clip 12,,,
ME,P7ME,IW - P7ME clip 13.wav.mp3,clip 13,,,
ME,P7ME,IW - P7ME clip 14.wav.mp3,clip 14,,,
ME,P7ME,IW - P7ME clip 15.wav.mp3,clip 15,,,
ME,P7ME,IW - P7ME clip 16.wav.mp3,clip 16,,,
ME,P7ME,IW - P7ME clip 17.wav.mp3,clip 17,,,
ME,P7ME,IW - P7ME clip 18.wav.mp3,clip 18,,,
ME,P7ME,IW - P7ME clip 19.wav.mp3,clip 19,,,
ME,P7ME,IW - P7ME clip 2.wav.mp3,clip 2,,,
ME,P7ME,IW - P7ME clip 3.wav.mp3,clip 3,,,
ME,P7ME,IW - P7ME clip 4.wav.mp3,clip 4,,,
ME,P7ME,IW - P7ME clip 5.wav.mp3,clip 5,,,
ME,P7ME,IW - P7ME clip 6.wav.mp3,clip 6,,,
ME,P7ME,IW - P7ME clip 7.wav.mp3,clip 7,,,
ME,P7ME,IW - P7ME clip 8.wav.mp3,clip 8,,,
ME,P7ME,IW - P7ME clip 9.wav.mp3,clip 9,,,
SM,P7SM,IW - P7SM clip 1.wav.mp3,clip 1,,,
SM,P7SM,IW - P7SM clip 2.wav.mp3,clip 2,,,
SM,P7SM,IW - P7SM clip 3.wav.mp3,clip 3,,,
SM,P7SM,IW - P7SM clip 4.wav.mp3,clip 4,,,
SM,P7SM,IW - P7SM clip 5.wav.mp3,clip 5,,,
SM,P7SM,IW - P7SM clip 6.wav.mp3,clip 6,,,
SM,P7SM,IW - P7SM clip 7.wav.mp3,clip 7,,,
VA,P7VA,IW - P7VA clip 1.wav.mp3,clip 1,,,
VA,P7VA,IW - P7VA clip 10.wav.mp3,clip 10,,,
VA,P7VA,IW - P7VA clip 11.wav.mp3,clip 11,,,
VA,P7VA,IW - P7VA clip 12.wav.mp3,clip 12,,,
VA,P7VA,IW - P7VA clip 13.wav.mp3,clip 13,,,
VA,P7VA,IW - P7VA clip 14.wav.mp3,clip 14,,,
VA,P7VA,IW - P7VA clip 15.wav.mp3,clip 15,,,
VA,P7VA,IW - P7VA clip 2.wav.mp3,clip 2,,,
VA,P7VA,IW - P7VA clip 3.wav.mp3,clip 3,,,
VA,P7VA,IW - P7VA clip 4.wav.mp3,clip 4,,,
VA,P7VA,IW - P7VA clip 5.wav.mp3,clip 5,,,
VA,P7VA,IW - P7VA clip 6.wav.mp3,clip 6,,,
VA,P7VA,IW - P7VA clip 7.wav.mp3,clip 7,,,
VA,P7VA,IW - P7VA clip 8.wav.mp3,clip 8,,,
VA,P7VA,IW - P7VA clip 9.wav.mp3,clip 9,,,
BO,P8BO,IW - P8BO clip 1.wav.mp3,clip 1,,,
BO,P8BO,IW - P8BO clip 10.wav.mp3,clip 10,,,
BO,P8BO,IW - P8BO clip 11.wav.mp3,clip 11,,,
BO,P8BO,IW - P8BO clip 2.wav.mp3,clip 2,,,
BO,P8BO,IW - P8BO clip 3.wav.mp3,clip 3,,,
BO,P8BO,IW - P8BO clip 4.wav.mp3,clip 4,,,
BO,P8BO,IW - P8BO clip 5.wav.mp3,clip 5,,,
BO,P8BO,IW - P8BO clip 6.wav.mp3,clip 6,,,
BO,P8BO,IW - P8BO clip 7.wav.mp3,clip 7,,,
BO,P8BO,IW - P8BO clip 8.wav.mp3,clip 8,,,
BO,P8BO,IW - P8BO clip 9.wav.mp3,clip 9,,,
CA,P8CA,IW - P8CA - clip 1.wav.mp3,clip 1,,,
CA,P8CA,IW - P8CA - clip 10.wav.mp3,clip 10,,,
CA,P8CA,IW - P8CA - clip 2.wav.mp3,clip 2,,,
CA,P8CA,IW - P8CA - clip 3.wav.mp3,clip 3,,,
CA,P8CA,IW - P8CA - clip 4.wav.mp3,clip 4,,,
CA,P8CA,IW - P8CA - clip 5.wav.mp3,clip 5,,,
CA,P8CA,IW - P8CA - clip 6.wav.mp3,clip 6,,,
CA,P8CA,IW - P8CA - clip 7.wav.mp3,clip 7,,,
CA,P8CA,IW - P8CA - clip 8.wav.mp3,clip 8,,,
CA,P8CA,IW - P8CA - clip 9.wav.mp3,clip 9,,,
CL,P8CL,IW-P8CL clip 1.wav.mp3,clip 1,,,
CL,P8CL,IW-P8CL clip 10.wav.mp3,clip 10,,,
CL,P8CL,IW-P8CL clip 11.wav.mp3,clip 11,,,
CL,P8CL,IW-P8CL clip 2.wav.mp3,clip 2,,,
CL,P8CL,IW-P8CL clip 3.wav.mp3,clip 3,,,
CL,P8CL,IW-P8CL clip 4.wav.mp3,clip 4,,,
CL,P8CL,IW-P8CL clip 5.wav.mp3,clip 5,,,
CL,P8CL,IW-P8CL clip 6.wav.mp3,clip 6,,,
CL,P8CL,IW-P8CL clip 7.wav.mp3,clip 7,,,
CL,P8CL,IW-P8CL clip 8.wav.mp3,clip 8,,,
CL,P8CL,IW-P8CL clip 9.wav.mp3,clip 9,,,
ME,P8ME,IW - P8ME clip 1.wav.mp3,clip 1,,,
ME,P8ME,IW - P8ME clip 10.wav.mp3,clip 10,,,
ME,P8ME,IW - P8ME clip 11.wav.mp3,clip 11,,,
ME,P8ME,IW - P8ME clip 12.wav.mp3,clip 12,,,
ME,P8ME,IW - P8ME clip 13.wav.mp3,clip 13,,,
ME,P8ME,IW - P8ME clip 14.wav.mp3,clip 14,,,
ME,P8ME,IW - P8ME clip 2.wav.mp3,clip 2,,,
ME,P8ME,IW - P8ME clip 3.wav.mp3,clip 3,,,
ME,P8ME,IW - P8ME clip 4.wav.mp3,clip 4,,,
ME,P8ME,IW - P8ME clip 5.wav.mp3,clip 5,,,
ME,P8ME,IW - P8ME clip 6.wav.mp3,clip 6,,,
ME,P8ME,IW - P8ME clip 7.wav.mp3,clip 7,,,
ME,P8ME,IW - P8ME clip 8.wav.mp3,clip 8,,,
ME,P8ME,IW - P8ME clip 9.wav.mp3,clip 9,,,
SM,P8SM,IW - P8SM clip 1.wav.mp3,clip 1,,,
SM,P8SM,IW - P8SM clip 2.wav.mp3,clip 2,,,
SM,P8SM,IW - P8SM clip 3.wav.mp3,clip 3,,,
SM,P8SM,IW - P8SM clip 4.wav.mp3,clip 4,,,
SM,P8SM,IW - P8SM clip 5.wav.mp3,clip 5,,,
SM,P8SM,IW - P8SM clip 6.wav.mp3,clip 6,,,
SM,P8SM,IW - P8SM clip 7.wav.mp3,clip 7,,,
VA,P8VA,IW - P8VA clip 1.wav.mp3,clip 1,,,
VA,P8VA,IW - P8VA clip 10.wav.mp3,clip 10,,,
VA,P8VA,IW - P8VA clip 2.wav.mp3,clip 2,,,
VA,P8VA,IW - P8VA clip 3.wav.mp3,clip 3,,,
VA,P8VA,IW - P8VA clip 4.wav.mp3,clip 4,,,
VA,P8VA,IW - P8VA clip 5.wav.mp3,clip 5,,,
VA,P8VA,IW - P8VA clip 6.wav.mp3,clip 6,,,
VA,P8VA,IW - P8VA clip 7.wav.mp3,clip 7,,,
VA,P8VA,IW - P8VA clip 8.wav.mp3,clip 8,,,
VA,P8VA,IW - P8VA clip 9.wav.mp3,clip 9,,,
BO,P9BO,IW - P9BO clip 1.wav.mp3,clip 1,,,
BO,P9BO,IW - P9BO clip 2.wav.mp3,clip 2,,,
BO,P9BO,IW - P9BO clip 3.wav.mp3,clip 3,,,
BO,P9BO,IW - P9BO clip 4.wav.mp3,clip 4,,,
BO,P9BO,IW - P9BO clip 5.wav.mp3,clip 5,,,
BO,P9BO,IW - P9BO clip 6.wav.mp3,clip 6,,,
BO,P9BO,IW - P9BO clip 7.wav.mp3,clip 7,,,
BO,P9BO,IW - P9BO clip 8.wav.mp3,clip 8,,,
CA,P9CA,IW - P9CA - clip 1.wav.mp3,clip 1,,,
CA,P9CA,IW - P9CA - clip 10.wav.mp3,clip 10,,,
CA,P9CA,IW - P9CA - clip 11.wav.mp3,clip 11,,,
CA,P9CA,IW - P9CA - clip 2.wav.mp3,clip 2,,,
CA,P9CA,IW - P9CA - clip 3.wav.mp3,clip 3,,,
CA,P9CA,IW - P9CA - clip 4.wav.mp3,clip 4,,,
CA,P9CA,IW - P9CA - clip 5.wav.mp3,clip 5,,,
CA,P9CA,IW - P9CA - clip 6.wav.mp3,clip 6,,,
CA,P9CA,IW - P9CA - clip 7.wav.mp3,clip 7,,,
CA,P9CA,IW - P9CA - clip 8.wav.mp3,clip 8,,,
CA,P9CA,IW - P9CA - clip 9.wav.mp3,clip 9,,,
CL,P9CL,IW-P9CL clip 1.wav.mp3,clip 1,,,
CL,P9CL,IW-P9CL clip 10.wav.mp3,clip 10,,,
CL,P9CL,IW-P9CL clip 11.wav.mp3,clip 11,,,
CL,P9CL,IW-P9CL clip 12.wav.mp3,clip 12,,,
CL,P9CL,IW-P9CL clip 2.wav.mp3,clip 2,,,
CL,P9CL,IW-P9CL clip 3.wav.mp3,clip 3,,,
CL,P9CL,IW-P9CL clip 4.wav.mp3,clip 4,,,
CL,P9CL,IW-P9CL clip 5.wav.mp3,clip 5,,,
CL,P9CL,IW-P9CL clip 6.wav.mp3,clip 6,,,
CL,P9CL,IW-P9CL clip 7.wav.mp3,clip 7,,,
CL,P9CL,IW-P9CL clip 8.wav.mp3,clip 8,,,
CL,P9CL,IW-P9CL clip 9.wav.mp3,clip 9,,,
MA,P9MA,IW - P9MA clip 1.wav.mp3,clip 1,,,
MA,P9MA,IW - P9MA clip 2.wav.mp3,clip 2,,,
MA,P9MA,IW - P9MA clip 3.wav.mp3,clip 3,,,
MA,P9MA,IW - P9MA clip 4.wav.mp3,clip 4,,,
MA,P9MA,IW - P9MA clip 5.wav.mp3,clip 5,,,
MA,P9MA,IW - P9MA clip 6.wav.mp3,clip 6,,,
MA,P9MA,IW - P9MA clip 7.wav.mp3,clip 7,,,
MA,P9MA,IW - P9MA clip 8.wav.mp3,clip 8,,,
MA,P9MA,IW - P9MA clip 9.wav.mp3,clip 9,,,
ME,P9ME,IW - P9ME clip 1.wav.mp3,clip 1,,,
ME,P9ME,IW - P9ME clip 10.wav.mp3,clip 10,,,
ME,P9ME,IW - P9ME clip 11.wav.mp3,clip 11,,,
ME,P9ME,IW - P9ME clip 12.wav.mp3,clip 12,,,
ME,P9ME,IW - P9ME clip 13.wav.mp3,clip 13,,,
ME,P9ME,IW - P9ME clip 2.wav.mp3,clip 2,,,
ME,P9ME,IW - P9ME clip 3.wav.mp3,clip 3,,,
ME,P9ME,IW - P9ME clip 4.wav.mp3,clip 4,,,
ME,P9ME,IW - P9ME clip 5.wav.mp3,clip 5,,,
ME,P9ME,IW - P9ME clip 6.wav.mp3,clip 6,,,
ME,P9ME,IW - P9ME clip 7.wav.mp3,clip 7,,,
ME,P9ME,IW - P9ME clip 8.wav.mp3,clip 8,,,
ME,P9ME,IW - P9ME clip 9.wav.mp3,clip 9,,,
SM,P9SM,IW - P9SM clip 1.wav.mp3,clip 1,,,
SM,P9SM,IW - P9SM clip 2.wav.mp3,clip 2,,,
SM,P9SM,IW - P9SM clip 3.wav.mp3,clip 3,,,
SM,P9SM,IW - P9SM clip 4.wav.mp3,clip 4,,,
SM,P9SM,IW - P9SM clip 5.wav.mp3,clip 5,,,
SM,P9SM,IW - P9SM clip 6.wav.mp3,clip 6,,,
SM,P9SM,IW - P9SM clip 7.wav.mp3,clip 7,,,
SM,P9SM,IW - P9SM clip 8.wav.mp3,clip 8,,,
SM,P9SM,IW - P9SM clip 9.wav.mp3,clip 9,,,
VA,P9VA,IW - P9VA clip 1.wav.mp3,clip 1,,,
VA,P9VA,IW - P9VA clip 10.wav.mp3,clip 10,,,
VA,P9VA,IW - P9VA clip 11.wav.mp3,clip 11,,,
VA,P9VA,IW - P9VA clip 12.wav.mp3,clip 12,,,
VA,P9VA,IW - P9VA clip 2.wav.mp3,clip 2,,,
VA,P9VA,IW - P9VA clip 3.wav.mp3,clip 3,,,
VA,P9VA,IW - P9VA clip 4.wav.mp3,clip 4,,,
VA,P9VA,IW - P9VA clip 5.wav.mp3,clip 5,,,
VA,P9VA,IW - P9VA clip 6.wav.mp3,clip 6,,,
VA,P9VA,IW - P9VA clip 7.wav.mp3,clip 7,,,
VA,P9VA,IW - P9VA clip 8.wav.mp3,clip 8,,,
VA,P9VA,IW - P9VA clip 9.wav.mp3,clip 9,,,
ME,PW4ME,PW4ME clip 10.wav.mp3,clip 10,,,
ME,PW4ME,PW4ME clip 11.wav.mp3,clip 11,,,
ME,PW4ME,PW4ME clip 12.wav.mp3,clip 12,,,
ME,PW4ME,PW4ME clip 13.wav.mp3,clip 13,,,
ME,PW4ME,PW4ME clip 14.wav.mp3,clip 14,,,
ME,PW4ME,PW4ME clip 15.wav.mp3,clip 15,,,
ME,PW4ME,PW4ME clip 16.wav.mp3,clip 16,,,
ME,PW4ME,PW4ME clip 17.wav.mp3,clip 17,,,
ME,PW4ME,PW4ME clip 18.wav.mp3,clip 18,,,
ME,PW4ME,PW4ME clip 19.wav.mp3,clip 19,,,
ME,PW4ME,PW4ME clip 20.wav.mp3,clip 20,,,
ME,PW4ME,PW4ME clip 21.wav.mp3,clip 21,,,
ME,PW4ME,PW4ME clip 22.wav.mp3,clip 22,,,
ME,PW4ME,PW4ME clip 23.wav.mp3,clip 23,,,
ME,PW4ME,PW4ME clip 24.wav.mp3,clip 24,,,
ME,PW4ME,PW4ME clip 25.wav.mp3,clip 25,,,
ME,PW4ME,PW4ME clip 26.wav.mp3,clip 26,,,
ME,PW4ME,PW4ME clip 27.wav.mp3,clip 27,,,
ME,PW4ME,PW4ME clip 28.wav.mp3,clip 28,,,
ME,PW4ME,PW4ME clip 29.wav.mp3,clip 29,,,
ME,PW4ME,PW4ME clip 30.wav.mp3,clip 30,,,
ME,PW4ME,PW4ME clip 31.wav.mp3,clip 31,,,
ME,PW4ME,PW4ME clip 32.wav.mp3,clip 32,,,
ME,PW4ME,PW4ME clip 8.wav.mp3,clip 8,,,
ME,PW4ME,PW4ME clip 9.wav.mp3,clip 9,,,
ed,PW4MEedited,PW4ME edited.wav.mp3,clip,,,
BA,IW - P10BA clip 1.wav.mp3,clip 1,¿Tienes algún apodo o nombre que prefieras?,,,
BA,IW - P10BA clip 2.wav.mp3,clip 2,¿Tienes algún profesor favorito en la universidad? ¿Por qué?,,,
BA,IW - P10BA clip 3.wav.mp3,clip 3,¿Tienes contacto con esa profesora aún? ¿Cómo?,,,
BA,IW - P10BA clip 4.wav.mp3,clip 4,¿Te gusta vivir aquí o te gusatría salir del país?,,,
BA,IW - P10BA clip 5.wav.mp3,clip 5,¿Hay algo de esta ciudad en particular con lo que te identifiques más?,,,
BA,IW - P10BA clip 6.wav.mp3,clip 6,¿Cómo crees tú que las otras personas ven a los costeños? ,,,
BA,IW - P10BA clip 7.wav.mp3,clip 7,¿Cómo describes tu personalidad? ¿Te consideras una persona hogareña…?,,,
BA,IW - P11BA clip 1.wav.mp3,clip 1,¿Cuál de los dos idiomas te gusta más?,,,
BA,IW - P11BA clip 2.wav.mp3,clip 2,¿Pero cuál te gusta más el inglés o el francés?,,,
BA,IW - P11BA clip 3.wav.mp3,clip 3,¿Por qué te gusta tu actual profesora de francés?,,,
BA,IW - P11BA clip 4.wav.mp3,clip 4,¿Cuál es un recuerdo que te viene a la mente cuando piensas en tu profesora anterior de francés?,,,
BA,IW - P11BA clip 5.wav.mp3,clip 5,¿En un futuro piensas que vas a estar aquí o piensas que vas a ir a otro lugar?,,,
BA,IW - P11BA clip 6.wav.mp3,clip 6,¿Hay algo de esta ciudad en particular con lo que te identifiques más?,,,
BA,IW - P11BA clip 7.wav.mp3,clip 7,¿Cuál es la diferencia entre nosotros que somos calidos aquí en Barranquilla y otras personas de otras ciudades en Colombia?,,,
BA,IW - P11BA clip 8.wav.mp3,clip 8,¿Cómo describes tu personalidad?,,,
BA,IW - P12BA clip 1.wav.mp3,clip 1,¿Tu carrera es nutrición e idiomas?,,,
BA,IW - P12BA clip 2.wav.mp3,clip 2,¿Por qué te gusta el francés?,,,
BA,IW - P12BA clip 3.wav.mp3,clip 3,¿Cuál sería tu plan para el futuro con el francés?,,,
BA,IW - P12BA clip 4.wav.mp3,clip 4,¿Y que harías con la nutrición?,,,
BA,IW - P12BA clip 5.wav.mp3,clip 5,"¿Y también trabajar en los planes nutricionales, no?",,,
BA,IW - P12BA clip 6.wav.mp3,clip 6,¿Cuántos semestres de nutrición son?,,,
BA,IW - P12BA clip 7.wav.mp3,clip 7,¿Cómo vas a hacer con las prácticas y las clases?,,,
BA,IW - P12BA clip 8.wav.mp3,clip 8,¿Dónde aprendiste inglés?,,,
BA,IW - P12BA clip 9.wav.mp3,clip 9,¿Qué palabra usarías para describirte como costeño?,,,
BA,IW - P13BA clip 1.wav.mp3,clip 1,¿Te gustan las lenguas?,,,
BA,IW - P13BA clip 10.wav.mp3,clip 10,¿Quieres aprender los idiomas porque quieres ser profesor o por algo más?,,,
BA,IW - P13BA clip 11.wav.mp3,clip 11,¿Entonces tus planes a futuro es enseñar pero no idiomas sino en el idioma?,,,
BA,IW - P13BA clip 2.wav.mp3,clip 2,¿Tienes algún recuerdo bueno o malo de cuando estabas en el colegio?,,,
BA,IW - P13BA clip 3.wav.mp3,clip 3,¿sí? Cuentame más sobre ese recuerdo,,,
BA,IW - P13BA clip 4.wav.mp3,clip 4,¿Aprendiste a contar en inglés en el colegio entonces?,,,
BA,IW - P13BA clip 5.wav.mp3,clip 5,¿Quién te enseñó? ¿Consideras que ese es tu profesor favorito?,,,
BA,IW - P13BA clip 6.wav.mp3,clip 6,¿Cómo describes a tus amigos?,,,
BA,IW - P13BA clip 7.wav.mp3,clip 7,Sigue hablando de los amigos,,,
BA,IW - P13BA clip 8.wav.mp3,clip 8,"¿Crees que son como esas personas que cualquier persona diría ""tiene personalidad costeña""?",,,
BA,IW - P13BA clip 9.wav.mp3,clip 9,¿Tienen diferencia ustedes?,,,
BA,IW - P14BA clip 1.wav.mp3,clip 1,¿Por qué te llama Sheshy tu hermanita? ,,,
BA,IW - P14BA clip 2.wav.mp3,clip 2,"¿Por qué Chelsey, de la ciudad, del equipo?",,,
BA,IW - P14BA clip 3.wav.mp3,clip 3,¿Qué te gusta de la universidad o de la carrera?,,,
BA,IW - P14BA clip 4.wav.mp3,clip 4,¿Quiénes han sido tus profesores en francés?,,,
BA,IW - P14BA clip 5.wav.mp3,clip 5,¿Tienes algún plan a futuro con el francés o con la carrera? ¿Estudiar o vivir allá?,,,
BA,IW - P14BA clip 6.wav.mp3,clip 6,¿Tienes algún buen recuerdo con esa profesora de francés? ,,,
BA,IW - P14BA clip 7.wav.mp3,clip 7,¿Qué te gusta de Barranquilla?,,,
BA,IW - P14BA clip 8.wav.mp3,clip 8,¿Crees que hay diferencias entre regiones o ciudades?,,,
BA,IW - P15BA clip 1 .wav.mp3,clip 1,¿Tienes algún plan para el futuro? ¿Algo que quieras hacer?,,,
BA,IW - P15BA clip 2.wav.mp3,clip 2,¿Quién era tu profesor favorito cuando estabas en el colegio?,,,
BA,IW - P15BA clip 3.wav.mp3,clip 3,¿Has vivido en otra parte de Colombia?,,,
BA,IW - P15BA clip 4.wav.mp3,clip 4,¿Cuál es la diferencia entre Bogotá y Barranquilla?,,,
BA,IW - P15BA clip 5.wav.mp3,clip 5,¿Cómo son las personas de Bogotá y de Barranquilla?,,,
BA,IW - P15BA clip 6.wav.mp3,clip 6,"¿Según tú, qué es lo que piensan los cachacos de los costeños?",,,
BA,IW - P15BA clip 7.wav.mp3,clip 7,¿Qué crees tú que debería saber un extranjero sobre Colombia?,,,
BA,IW - P16BA clip 1.wav.mp3,clip 1,¿Tienes algún apodo? ¿Por qué?,,,
BA,IW - P16BA clip 2.wav.mp3,clip 2,¿Por cuánto tiempo estás incapacitado?,,,
BA,IW - P16BA clip 3.wav.mp3,clip 3,¿Cómo te sientes?,,,
BA,IW - P16BA clip 4.wav.mp3,clip 4,¿Puedes cargar a tu hijo?,,,
BA,IW - P16BA clip 5.wav.mp3,clip 5,¿Qué fue lo que te pasó?,,,
BA,IW - P16BA clip 6.wav.mp3,clip 6,¿A qué te dedicas y qué estudiaste?,,,
BA,IW - P16BA clip 7.wav.mp3,clip 7,¿Cómo conociste a tu profesor favorito?,,,
BA,IW - P16BA clip 8.wav.mp3,clip 8,¿Cuál era tu profesor menos favorito?,,,
BA,IW - P17BA clip 1.wav.mp3,clip 1,¿A qué se dedica?,,,
BA,IW - P17BA clip 10.wav.mp3,clip 10,¿Qué es lo que más te gusta de tu negocio?,,,
BA,IW - P17BA clip 2.wav.mp3,clip 2,¿Tienes algún plan para el futuro?,,,
BA,IW - P17BA clip 3.wav.mp3,clip 3,¿Siempre has querido viajar?,,,
BA,IW - P17BA clip 4.wav.mp3,clip 4,¿Tienes algún buen recuerdo de cuando estabas pequeña?,,,
BA,IW - P17BA clip 5.wav.mp3,clip 5,¿Qué opinas de tu ciudad?,,,
BA,IW - P17BA clip 6.wav.mp3,clip 6,¿Qué haces con tu familia en tu tiempo libre?,,,
BA,IW - P17BA clip 7.wav.mp3,clip 7,¿Qué hacen cuando van a la playa?,,,
BA,IW - P17BA clip 8.wav.mp3,clip 8,¿Crees que el hecho de estar en familia es algo culturalmente de costeños o de todos los colombianos?,,,
BA,IW - P17BA clip 9.wav.mp3,clip 9,¿Qué debería saber un extranjero sobre Colombia?,,,
BA,IW - P18BA clip 1.wav.mp3,clip 1,¿Qué planes tiene para el futuro?,,,
BA,IW - P18BA clip 2.wav.mp3,clip 2,¿A dónde te gustaría ir?,,,
BA,IW - P18BA clip 3.wav.mp3,clip 3,¿Has ido alguna vez o has visto fotos?,,,
BA,IW - P18BA clip 4.wav.mp3,clip 4,"¿Tu prima vive allá, cierto? ¿Ella te manda videos y fotos?",,,
BA,IW - P18BA clip 5.wav.mp3,clip 5,¿Cuál sería la diferencia de vivir en Canadá y Colombia? ,,,
BA,IW - P18BA clip 6.wav.mp3,clip 6,¿Cuál sería una diferencia entre los canadiences y los barranquilleros o colombianos?,,,
BA,IW - P18BA clip 7.wav.mp3,clip 7,¿Qué querías hacer cuando estabas niña? ¿Tenías el mismo sueño de viajar?,,,
BA,IW - P18BA clip 8.wav.mp3,clip 8,¿Cómo nos ven los paisas u otras regiones a nosotros los costeños?,,,
BA,IW - P18BA clip 9.wav.mp3,clip 9,¿Qué le dirías a un extranjero sobre Colombia?,,,
BA,IW - P19BA clip 1.wav.mp3,clip 1,¿Por qué tienes ese apodo?,,,
BA,IW - P19BA clip 2.wav.mp3,clip 2,¿Qué es lo bueno de trabajar como independiente?,,,
BA,IW - P19BA clip 3.wav.mp3,clip 3,¿Normalmente trabajas mucho o poco?,,,
BA,IW - P19BA clip 4.wav.mp3,clip 4,¿Cuál es la diferencia entre vivir aquí en Barranquilla y Panamá?,,,
BA,IW - P19BA clip 5.wav.mp3,clip 5,¿Tienes algún plan de qué hacer allá? ¿Cuándo estabas pequeño también tenías ese plan?,,,
BA,IW - P19BA clip 6.wav.mp3,clip 6,¿Qué crees que vas a encontrar en Panamá que no tienes aquí en Barranquilla?,,,
BA,IW - P19BA clip 7.wav.mp3,clip 7,¿Por qué crees que hay mucha violencia e inseguridad aquí en Colombia?,,,
BA,IW - P19BA clip 8.wav.mp3,clip 8,¿Por qué en Panamá no sucede? Por el gobierno…,,,
BA,IW - P19BA clip 9.wav.mp3,clip 9,¿Qué le dirías a un extranjero si viene a Colombia?,,,
BA,IW - P1BA clip 1.wav.mp3,clip 1,¿Has ido a alguna otra ciudad aquí en Colombia? ¿Ha dónde has ido?,Have you been to any other cities here in Colombia? Where have you been?,,
BA,IW - P1BA clip 2.wav.mp3,clip 2,¿Qué le dirías a un extranjero sobre Colombia?,What would you tell a foreigner about Colombia?,,
BA,IW - P2BA clip 1.wav.mp3,clip 1,¿Te colocaban otro tipo de castigo en casa por portarte mal?,Did you get any other kind of punishment at home for misbehaving?,,
BA,IW - P2BA clip 2.wav.mp3,clip 2,¿Y eso mismo haces con tus hijos?,And you do the same with your children?,,
BA,IW - P2BA clip 3.wav.mp3,clip 3,¿Qué es algo en particular de la región Caribe o de la ciudad con lo que tú te identificas?,What is something particular about the Caribbean region or the city that you identify with?,,
BA,IW - P2BA clip 4.wav.mp3,clip 4,¿Qué crees tú que debería saber un extranjero sobre Colombia?,What do you think a foreigner should know about Colombia?,,
BA,IW - P3BA clip 1.wav.mp3,clip 1,¿Tiene algún plan para el futuro?,Do you have any plans for the future?,,
BA,IW - P3BA clip 2.wav.mp3,clip 2,¿Tiene alguna parte favorita del negocio? ¿Algo que le guste del negocio?,Do you have any favorite parts of the business? Anything you enjoy about it?,,
BA,IW - P3BA clip 3 .wav.mp3,clip 3,¿Tiene algún recuerdo memorable de cuando ha ido a hacer compra u organizando la tienda?,Do you have any memorable memories from shopping or organizing the store?,,
BA,IW - P3BA clip 4.wav.mp3,clip 4,¿Usted qué opina de esta ciudad? ¿Siempre ha vivido aquí en esta ciudad?,What do you think of this city? Have you always lived here in this city?,,
BA,IW - P3BA clip 5.wav.mp3,clip 5,"Aunque haya cosas que no le gusta como la inseguridad, el microtrafico, tiene que haber algo que le guste","Even though there are things you don’t like, such as insecurity or drug dealing, there has to be something you do like",,
BA,IW - P3BA clip 6.wav.mp3,clip 6,¿Qué le gusta hacer con sus amigos o con su familia?,What do you like to do with your friends or with your family?,,
BA,IW - P3BA clip 7.wav.mp3,clip 7,¿Hay algo de esta ciudad en particular con lo que usted se identifique más?,Is there something in particular about this city that you identify with the most?,,
BA,IW - P3BA clip 8.wav.mp3,clip 8,¿Qué cree usted que deberían saber los extranjeros sobre Colombia?,What do you think foreigners should know about Colombia?,,
BA,IW - P4BA clip 1.wav.mp3,clip 1,¿Y has pensado en qué tipo de trabajo quieres realizar? (Planes y proyectos para el futuro),And have you thought about what kind of work you would like to do? (Plans and projects for the future),,
BA,IW - P4BA clip 2.wav.mp3,clip 2,¿Tienes un tipo de negocios favorito?,Do you have a favorite type of business?,,
BA,IW - P4BA clip 3.wav.mp3,clip 3,¿Tienes algún recuerdo de la universidad o del colegio bueno que te impulse a hacer algún negocio o que sea bueno que te haga sonreir?,"Do you have any good memory from university or school that motivates you to start a business, or that is simply a nice memory that makes you smile?",,
BA,IW - P4BA clip 4.wav.mp3,clip 4,¿No habían como clases extracurriculares de negocios?,Weren’t there extracurricular business classes?,,
BA,IW - P4BA clip 5.wav.mp3,clip 5,¿Qué es lo que más te gusta de vivir aquí?,,,
BA,IW - P4BA clip 6.wav.mp3,clip 6,¿Hay algo de esta ciudad en particular con lo que usted se identifique más? ,,,
BA,IW - P4BA clip 7.wav.mp3,clip 7,"¿Cómo crees tú que la gente del interior te ve a ti por ser de esta región? Los paises, vallunos, rolos, ...",,,
BA,IW - P5BA clip 1 .wav.mp3,clip 1,¿Tienes algún plan para el futuro?,,,
BA,IW - P5BA clip 2 .wav.mp3,clip 2,¿Cuándo estabas en el colegio o en la universidad tenías algún profesor favorito?,,,
BA,IW - P5BA clip 3.wav.mp3,clip 3,¿Cómo describirías a ese profesor?,,,
BA,IW - P5BA clip 4.wav.mp3,clip 4,¿Tienes algún buen recuerdo de ese profesor de educación física o el de matemáticas? ,,,
BA,IW - P5BA clip 5.wav.mp3,clip 5,¿Qué es algo en particular de la región Caribe o de la ciudad con lo que tú te identificas más?,,,
BA,IW - P5BA clip 6.wav.mp3,clip 6,¿Tienes amigos o personas que conozcas que son de oras ciudades o regiones? ¿Crees que ellos tienen una cultura o una identidad diferente a la tuya?,,,
BA,IW - P5BA clip 7.wav.mp3,clip 7,¿Qué crees tú que los extranjeros deberían saber sobre Colombia?,,,
BA,IW - P6BA clip 1.wav.mp3,clip 1,¿Por qué te gusta ese profesor?,,,
BA,IW - P6BA clip 10.wav.mp3,clip 10,¿Tienes algún plan para el futuro?,,,
BA,IW - P6BA clip 11.wav.mp3,clip 11,¿Y no sabes en qué país o en qué te quieres especializar? ,,,
BA,IW - P6BA clip 2.wav.mp3,clip 2,"¿Tienes algún recuerdo de la clases que digas ""wow, me gustó esto porque hicimos esto""?",,,
BA,IW - P6BA clip 3.wav.mp3,clip 3,¿Y de dónde eran tus compañeros en ese grupo?,,,
BA,IW - P6BA clip 4.wav.mp3,clip 4,"¿Y entre la persona que era de Valledupar y tú, tenían alguna diferencia o similitud?",,,
BA,IW - P6BA clip 5.wav.mp3,clip 5,¿Qué te gusta de vivir aquí en Barranquilla?,,,
BA,IW - P6BA clip 6.wav.mp3,clip 6,¿Qué te gusta hacer con tus amigos?,,,
BA,IW - P6BA clip 7.wav.mp3,clip 7,¿Qué es lo más divertido que haces con tu familia y que no haces con tus amigos?,,,
BA,IW - P6BA clip 8.wav.mp3,clip 8,"¿Sientes que tienes algo en particular que te identifique por ser de esta región de esta ciudad a ti y a tus amigos, a tus familiares?",,,
BA,IW - P6BA clip 9.wav.mp3,clip 9,¿Será que tienes algún interés o algún pasatiempos que otras personas no lo tengan o no lo vean normal?,,,
BA,IW - P7BA clip 1.wav.mp3,clip 1,¿Tienes algún apodo o nombre que prefieras?,,,
BA,IW - P7BA clip 10.wav.mp3,clip 10,¿Cómo te va este semestre y qué estudias?,,,
BA,IW - P7BA clip 11.wav.mp3,clip 11,¿Cómo eran los semestres anteriores?,,,
BA,IW - P7BA clip 12.wav.mp3,clip 12,¿Cuáles son tus planes a futuro?,,,
BA,IW - P7BA clip 2.wav.mp3,clip 2,¿El diplomado en qué lo vas a hacer?,,,
BA,IW - P7BA clip 3.wav.mp3,clip 3,¿Tienes o has tenido algún profesor favorito? ¿Por qué?,,,
BA,IW - P7BA clip 4.wav.mp3,clip 4,¿Cuál es la diferencia entre tú y ella?,,,
BA,IW - P7BA clip 5.wav.mp3,clip 5,¿Cómo describes tu personalidad?,,,
BA,IW - P7BA clip 6.wav.mp3,clip 6,¿Cómo la describes a ella?,,,
BA,IW - P7BA clip 7.wav.mp3,clip 7,¿Tú naciste aquí en Barranquilla?,,,
BA,IW - P7BA clip 8.wav.mp3,clip 8,¿Cuál sería la diferencia entre las personas de Sincelejo y las personas de aquí de Barranquilla?,,,
BA,IW - P7BA clip 9.wav.mp3,clip 9,¿Qué crees tú que deberían saber los extranjeros sobre Colombia o los colombianos?,,,
BA,IW - P8BA clip 1.wav.mp3,clip 1,¿Cuándo te presentas dices tu apodo o tu nombre?,,,
BA,IW - P8BA clip 10.wav.mp3,clip 10,¿Qué estás estudiando aquí en la universidad y cómo te va?,,,
BA,IW - P8BA clip 2.wav.mp3,clip 2,¿Tienes algún profesor favorito en francés o no tienes? El francés es el idioma favorito de ella,,,
BA,IW - P8BA clip 3.wav.mp3,clip 3,¿Qué libros están leyendo con el profesor de inglés?,,,
BA,IW - P8BA clip 4.wav.mp3,clip 4,¿Tienes algún recuerdo memorable del colegio o de la universidad?,,,
BA,IW - P8BA clip 5.wav.mp3,clip 5,¿Piensas que en el futuro te vas a quedar aquí o vas a salir del país?,,,
BA,IW - P8BA clip 6.wav.mp3,clip 6,¿A dónde te gustaría ir?,,,
BA,IW - P8BA clip 7.wav.mp3,clip 7,¿Quieres enseñar francés cuando termines?,,,
BA,IW - P8BA clip 8.wav.mp3,clip 8,¿Por qué no te gustaría vivir en tu ciudad actual?,,,
BA,IW - P8BA clip 9.wav.mp3,clip 9,¿Cómo defines tu personalidad?,,,
BA,IW - P9BA clip 1.wav.mp3,clip 1,¿Tienes algún plan a futuro con esa carrera?,,,
BA,IW - P9BA clip 2.wav.mp3,clip 2,¿Tienes algún profesor favorito en la universidad?,,,
BA,IW - P9BA clip 3.wav.mp3,clip 3,¿Cuándo te mudaste a Barranquilla y por qué?,,,
BA,IW - P9BA clip 4.wav.mp3,clip 4,¿Te gusta Barranquilla?,,,
BA,IW - P9BA clip 5.wav.mp3,clip 5,¿Cuál es la diferencia entre las personas de Ibagué y las de aquí de Barranquilla?,,,
BA,IW - P9BA clip 6 .wav.mp3,clip 6,¿Crees que el hecho de que eres introvertida es una barrera para conseguir amigos o te abre posibilidades?,,,
BA,IW - P9BA clip 7.wav.mp3,clip 7,¿Qué hacen las personas cuando te escuchan hablar? ¿Saben que no eres de Barranquilla?,,,
BA,IW - P9BA clip 8.wav.mp3,clip 8,¿Cómo crees tú que las otras personas ven a los costeños? Teniendo en cuenta que no eres de aquí pero has estado viviendo por 3 años en la ciudad.,,,
BA,IW - P9BA clip 9.wav.mp3,clip 9,¿Qué le dirías a un extranjero sobre Colombia?,,,
